,mean_fit_time,std_fit_time,mean_score_time,std_score_time,param_columntransformer__pipeline-1__pca__n_components,param_columntransformer__pipeline-1__tfidfvectorizer__dtype,param_columntransformer__pipeline-1__tfidfvectorizer__min_df,param_columntransformer__pipeline-1__tfidfvectorizer__ngram_range,param_columntransformer__pipeline-1__tfidfvectorizer__norm,param_columntransformer__pipeline-1__tfidfvectorizer__tokenizer,param_columntransformer__pipeline-1__tfidfvectorizer__use_idf,param_columntransformer__pipeline-2__pca__n_components,param_columntransformer__pipeline-2__standardscaler,params,split0_test_score,split1_test_score,split2_test_score,mean_test_score,std_test_score,rank_test_score
6,110.89104763666789,2.925795643315177,0.9863169193267822,0.03663047832694358,0.7124503944262482,<class 'numpy.float64'>,2,"(1, 2)",l2,<function stemming_tokenizer at 0x7f8d0c880180>,True,0.7699672317485412,StandardScaler(),"{'columntransformer__pipeline-1__pca__n_components': 0.7124503944262482, 'columntransformer__pipeline-1__tfidfvectorizer__dtype': <class 'numpy.float64'>, 'columntransformer__pipeline-1__tfidfvectorizer__min_df': 2, 'columntransformer__pipeline-1__tfidfvectorizer__ngram_range': (1, 2), 'columntransformer__pipeline-1__tfidfvectorizer__norm': 'l2', 'columntransformer__pipeline-1__tfidfvectorizer__tokenizer': <function stemming_tokenizer at 0x7f8d0c880180>, 'columntransformer__pipeline-1__tfidfvectorizer__use_idf': True, 'columntransformer__pipeline-2__pca__n_components': 0.7699672317485412, 'columntransformer__pipeline-2__standardscaler': StandardScaler()}",0.5778742842473668,0.5792010561727915,0.5591330203391041,0.5720694535864207,0.009163462220770585,1
0,388.38415630658466,4.050927067964696,1.9604869683583577,0.2999397013289281,0.6482646904233974,<class 'numpy.float64'>,1,"(1, 2)",l2,,True,0.3972370719379278,passthrough,"{'columntransformer__pipeline-1__pca__n_components': 0.6482646904233974, 'columntransformer__pipeline-1__tfidfvectorizer__dtype': <class 'numpy.float64'>, 'columntransformer__pipeline-1__tfidfvectorizer__min_df': 1, 'columntransformer__pipeline-1__tfidfvectorizer__ngram_range': (1, 2), 'columntransformer__pipeline-1__tfidfvectorizer__norm': 'l2', 'columntransformer__pipeline-1__tfidfvectorizer__tokenizer': None, 'columntransformer__pipeline-1__tfidfvectorizer__use_idf': True, 'columntransformer__pipeline-2__pca__n_components': 0.3972370719379278, 'columntransformer__pipeline-2__standardscaler': 'passthrough'}",0.572643712065662,0.5726158226553677,0.5618470123058397,0.5690355156756232,0.0050830522312119205,2
13,29.07418918609619,0.9157580837858547,0.795097827911377,0.1142228627352031,0.6227248054132329,<class 'numpy.float64'>,4,"(1, 2)",l1,,True,0.41825038349887234,StandardScaler(),"{'columntransformer__pipeline-1__pca__n_components': 0.6227248054132329, 'columntransformer__pipeline-1__tfidfvectorizer__dtype': <class 'numpy.float64'>, 'columntransformer__pipeline-1__tfidfvectorizer__min_df': 4, 'columntransformer__pipeline-1__tfidfvectorizer__ngram_range': (1, 2), 'columntransformer__pipeline-1__tfidfvectorizer__norm': 'l1', 'columntransformer__pipeline-1__tfidfvectorizer__tokenizer': None, 'columntransformer__pipeline-1__tfidfvectorizer__use_idf': True, 'columntransformer__pipeline-2__pca__n_components': 0.41825038349887234, 'columntransformer__pipeline-2__standardscaler': StandardScaler()}",0.5588957549151529,0.5557111952353875,0.560314578554513,0.5583071762350178,0.001924855517129022,3
44,9.926793893178305,1.0791986669481175,0.6839941342671713,0.11809219106189374,0.9480946117576052,<class 'numpy.float64'>,8,"(1, 2)",l2,<function stemming_tokenizer at 0x7f8d0c880180>,False,0.8796462244529094,StandardScaler(),"{'columntransformer__pipeline-1__pca__n_components': 0.9480946117576052, 'columntransformer__pipeline-1__tfidfvectorizer__dtype': <class 'numpy.float64'>, 'columntransformer__pipeline-1__tfidfvectorizer__min_df': 8, 'columntransformer__pipeline-1__tfidfvectorizer__ngram_range': (1, 2), 'columntransformer__pipeline-1__tfidfvectorizer__norm': 'l2', 'columntransformer__pipeline-1__tfidfvectorizer__tokenizer': <function stemming_tokenizer at 0x7f8d0c880180>, 'columntransformer__pipeline-1__tfidfvectorizer__use_idf': False, 'columntransformer__pipeline-2__pca__n_components': 0.8796462244529094, 'columntransformer__pipeline-2__standardscaler': StandardScaler()}",0.5415229597812566,0.5755022817683993,0.5519067570470183,0.5563106661988915,0.01421722880967417,4
32,5.331058661142985,0.08784856886635259,0.5754890441894531,0.02553977999037984,0.5532431477114893,<class 'numpy.float64'>,16,"(1, 2)",l2,,True,0.5555586085946493,passthrough,"{'columntransformer__pipeline-1__pca__n_components': 0.5532431477114893, 'columntransformer__pipeline-1__tfidfvectorizer__dtype': <class 'numpy.float64'>, 'columntransformer__pipeline-1__tfidfvectorizer__min_df': 16, 'columntransformer__pipeline-1__tfidfvectorizer__ngram_range': (1, 2), 'columntransformer__pipeline-1__tfidfvectorizer__norm': 'l2', 'columntransformer__pipeline-1__tfidfvectorizer__tokenizer': None, 'columntransformer__pipeline-1__tfidfvectorizer__use_idf': True, 'columntransformer__pipeline-2__pca__n_components': 0.5555586085946493, 'columntransformer__pipeline-2__standardscaler': 'passthrough'}",0.5541090733812672,0.574382848785844,0.52676734541235,0.5517530891931538,0.019510203082810873,5
12,8.919962406158447,2.0473089488826757,0.6907764275868734,0.11745136966207502,0.7879725216229646,<class 'numpy.float32'>,8,"(2, 2)",,,False,0.9642374587440796,StandardScaler(),"{'columntransformer__pipeline-1__pca__n_components': 0.7879725216229646, 'columntransformer__pipeline-1__tfidfvectorizer__dtype': <class 'numpy.float32'>, 'columntransformer__pipeline-1__tfidfvectorizer__min_df': 8, 'columntransformer__pipeline-1__tfidfvectorizer__ngram_range': (2, 2), 'columntransformer__pipeline-1__tfidfvectorizer__norm': None, 'columntransformer__pipeline-1__tfidfvectorizer__tokenizer': None, 'columntransformer__pipeline-1__tfidfvectorizer__use_idf': False, 'columntransformer__pipeline-2__pca__n_components': 0.9642374587440796, 'columntransformer__pipeline-2__standardscaler': StandardScaler()}",0.5465468449024244,0.5723630878568059,0.5333524323792732,0.5507541217128344,0.01620151626270925,6
23,319.18758885065716,1.3128633277662043,0.9676759243011475,0.027550051638215313,0.24929885635333576,<class 'numpy.float64'>,1,"(2, 2)",l2,<function stemming_tokenizer at 0x7f8d0c880180>,False,0.9471602210929122,passthrough,"{'columntransformer__pipeline-1__pca__n_components': 0.24929885635333576, 'columntransformer__pipeline-1__tfidfvectorizer__dtype': <class 'numpy.float64'>, 'columntransformer__pipeline-1__tfidfvectorizer__min_df': 1, 'columntransformer__pipeline-1__tfidfvectorizer__ngram_range': (2, 2), 'columntransformer__pipeline-1__tfidfvectorizer__norm': 'l2', 'columntransformer__pipeline-1__tfidfvectorizer__tokenizer': <function stemming_tokenizer at 0x7f8d0c880180>, 'columntransformer__pipeline-1__tfidfvectorizer__use_idf': False, 'columntransformer__pipeline-2__pca__n_components': 0.9471602210929122, 'columntransformer__pipeline-2__standardscaler': 'passthrough'}",0.5568491355063487,0.5482604518891251,0.5465748235675256,0.5505614703209998,0.0044989914293414104,7
24,7.983601093292236,1.2570388539127904,0.28040703137715656,0.621165572354175,0.5109853270316991,<class 'numpy.float64'>,8,"(1, 2)",l2,<function stemming_tokenizer at 0x7f8d0c880180>,False,0.5530891399953908,StandardScaler(),"{'columntransformer__pipeline-1__pca__n_components': 0.5109853270316991, 'columntransformer__pipeline-1__tfidfvectorizer__dtype': <class 'numpy.float64'>, 'columntransformer__pipeline-1__tfidfvectorizer__min_df': 8, 'columntransformer__pipeline-1__tfidfvectorizer__ngram_range': (1, 2), 'columntransformer__pipeline-1__tfidfvectorizer__norm': 'l2', 'columntransformer__pipeline-1__tfidfvectorizer__tokenizer': <function stemming_tokenizer at 0x7f8d0c880180>, 'columntransformer__pipeline-1__tfidfvectorizer__use_idf': False, 'columntransformer__pipeline-2__pca__n_components': 0.5530891399953908, 'columntransformer__pipeline-2__standardscaler': StandardScaler()}",0.5515066379111733,0.5568715248080224,0.5163570028177029,0.5415783885122994,0.01796819829811729,8
28,5.572654803593953,0.7401140214865959,0.7069811820983887,0.12778944818201174,0.15031968670078627,<class 'numpy.float32'>,16,"(1, 1)",l2,<function stemming_tokenizer at 0x7f8d0c880180>,False,0.7784115250117865,StandardScaler(),"{'columntransformer__pipeline-1__pca__n_components': 0.15031968670078627, 'columntransformer__pipeline-1__tfidfvectorizer__dtype': <class 'numpy.float32'>, 'columntransformer__pipeline-1__tfidfvectorizer__min_df': 16, 'columntransformer__pipeline-1__tfidfvectorizer__ngram_range': (1, 1), 'columntransformer__pipeline-1__tfidfvectorizer__norm': 'l2', 'columntransformer__pipeline-1__tfidfvectorizer__tokenizer': <function stemming_tokenizer at 0x7f8d0c880180>, 'columntransformer__pipeline-1__tfidfvectorizer__use_idf': False, 'columntransformer__pipeline-2__pca__n_components': 0.7784115250117865, 'columntransformer__pipeline-2__standardscaler': StandardScaler()}",0.5363319719444065,0.5487467376908848,0.5320664495222698,0.5390483863858536,0.007075412068578831,9
2,3.403489271799723,0.7740525789796968,0.5576291879018148,0.04586371461097069,0.4370587642568511,<class 'numpy.float32'>,8,"(1, 1)",l2,,False,0.9691421360985724,StandardScaler(),"{'columntransformer__pipeline-1__pca__n_components': 0.4370587642568511, 'columntransformer__pipeline-1__tfidfvectorizer__dtype': <class 'numpy.float32'>, 'columntransformer__pipeline-1__tfidfvectorizer__min_df': 8, 'columntransformer__pipeline-1__tfidfvectorizer__ngram_range': (1, 1), 'columntransformer__pipeline-1__tfidfvectorizer__norm': 'l2', 'columntransformer__pipeline-1__tfidfvectorizer__tokenizer': None, 'columntransformer__pipeline-1__tfidfvectorizer__use_idf': False, 'columntransformer__pipeline-2__pca__n_components': 0.9691421360985724, 'columntransformer__pipeline-2__standardscaler': StandardScaler()}",0.5394543549232638,0.5388116544431549,0.5380510784241872,0.5387723625968687,0.0005735585527235999,10
43,4.777917146682739,0.04848145112800147,0.57485032081604,0.04205933267431078,0.5917759732636535,<class 'numpy.float32'>,16,"(1, 1)",l2,<function stemming_tokenizer at 0x7f8d0c880180>,True,0.5976420852819626,passthrough,"{'columntransformer__pipeline-1__pca__n_components': 0.5917759732636535, 'columntransformer__pipeline-1__tfidfvectorizer__dtype': <class 'numpy.float32'>, 'columntransformer__pipeline-1__tfidfvectorizer__min_df': 16, 'columntransformer__pipeline-1__tfidfvectorizer__ngram_range': (1, 1), 'columntransformer__pipeline-1__tfidfvectorizer__norm': 'l2', 'columntransformer__pipeline-1__tfidfvectorizer__tokenizer': <function stemming_tokenizer at 0x7f8d0c880180>, 'columntransformer__pipeline-1__tfidfvectorizer__use_idf': True, 'columntransformer__pipeline-2__pca__n_components': 0.5976420852819626, 'columntransformer__pipeline-2__standardscaler': 'passthrough'}",0.5279951950019033,0.5494623165195819,0.5370822871032004,0.5381799328748952,0.008798217480216641,11
21,4.480087121327718,0.08622255584845266,0.4723970095316569,0.018436463194066697,0.6902818884869251,<class 'numpy.float64'>,16,"(1, 1)",l2,,False,0.321041422498599,StandardScaler(),"{'columntransformer__pipeline-1__pca__n_components': 0.6902818884869251, 'columntransformer__pipeline-1__tfidfvectorizer__dtype': <class 'numpy.float64'>, 'columntransformer__pipeline-1__tfidfvectorizer__min_df': 16, 'columntransformer__pipeline-1__tfidfvectorizer__ngram_range': (1, 1), 'columntransformer__pipeline-1__tfidfvectorizer__norm': 'l2', 'columntransformer__pipeline-1__tfidfvectorizer__tokenizer': None, 'columntransformer__pipeline-1__tfidfvectorizer__use_idf': False, 'columntransformer__pipeline-2__pca__n_components': 0.321041422498599, 'columntransformer__pipeline-2__standardscaler': StandardScaler()}",0.5500132133980609,0.5580579432673687,0.5032267677039477,0.5370993081231258,0.024175623611455834,12
27,323.30508335431415,2.869021773536703,0.8871642748514811,0.08165754278061524,0.3237007633723198,<class 'numpy.float64'>,1,"(2, 2)",l1,<function stemming_tokenizer at 0x7f8d0c880180>,False,0.8828606010565866,passthrough,"{'columntransformer__pipeline-1__pca__n_components': 0.3237007633723198, 'columntransformer__pipeline-1__tfidfvectorizer__dtype': <class 'numpy.float64'>, 'columntransformer__pipeline-1__tfidfvectorizer__min_df': 1, 'columntransformer__pipeline-1__tfidfvectorizer__ngram_range': (2, 2), 'columntransformer__pipeline-1__tfidfvectorizer__norm': 'l1', 'columntransformer__pipeline-1__tfidfvectorizer__tokenizer': <function stemming_tokenizer at 0x7f8d0c880180>, 'columntransformer__pipeline-1__tfidfvectorizer__use_idf': False, 'columntransformer__pipeline-2__pca__n_components': 0.8828606010565866, 'columntransformer__pipeline-2__standardscaler': 'passthrough'}",0.541945224361932,0.5272325249144587,0.5398461226894604,0.5363412906552837,0.006497628641730965,13
35,7.605547904968262,1.113801068044166,0.5186314582824707,0.028312355886365177,0.582925207982154,<class 'numpy.float32'>,2,"(1, 1)",,,True,0.4133787001155217,StandardScaler(),"{'columntransformer__pipeline-1__pca__n_components': 0.582925207982154, 'columntransformer__pipeline-1__tfidfvectorizer__dtype': <class 'numpy.float32'>, 'columntransformer__pipeline-1__tfidfvectorizer__min_df': 2, 'columntransformer__pipeline-1__tfidfvectorizer__ngram_range': (1, 1), 'columntransformer__pipeline-1__tfidfvectorizer__norm': None, 'columntransformer__pipeline-1__tfidfvectorizer__tokenizer': None, 'columntransformer__pipeline-1__tfidfvectorizer__use_idf': True, 'columntransformer__pipeline-2__pca__n_components': 0.4133787001155217, 'columntransformer__pipeline-2__standardscaler': StandardScaler()}",0.5398574000937955,0.5505811524681252,0.5112239736947967,0.5338875087522391,0.01661277785764978,14
5,31.59795832633972,0.6174287158302765,0.7325610319773356,0.059576577177018766,0.23508295523204661,<class 'numpy.float32'>,1,"(1, 1)",l2,<function stemming_tokenizer at 0x7f8d0c880180>,True,0.7811384788043799,StandardScaler(),"{'columntransformer__pipeline-1__pca__n_components': 0.23508295523204661, 'columntransformer__pipeline-1__tfidfvectorizer__dtype': <class 'numpy.float32'>, 'columntransformer__pipeline-1__tfidfvectorizer__min_df': 1, 'columntransformer__pipeline-1__tfidfvectorizer__ngram_range': (1, 1), 'columntransformer__pipeline-1__tfidfvectorizer__norm': 'l2', 'columntransformer__pipeline-1__tfidfvectorizer__tokenizer': <function stemming_tokenizer at 0x7f8d0c880180>, 'columntransformer__pipeline-1__tfidfvectorizer__use_idf': True, 'columntransformer__pipeline-2__pca__n_components': 0.7811384788043799, 'columntransformer__pipeline-2__standardscaler': StandardScaler()}",0.5203597057180236,0.5606436725648154,0.5173936146296622,0.5327989976375004,0.01972635910724528,15
10,7.8372524579366045,1.0900095503820784,0.5903874238332113,0.11467223541927887,0.11355806397649773,<class 'numpy.float64'>,4,"(1, 1)",,,False,0.9773152778758297,StandardScaler(),"{'columntransformer__pipeline-1__pca__n_components': 0.11355806397649773, 'columntransformer__pipeline-1__tfidfvectorizer__dtype': <class 'numpy.float64'>, 'columntransformer__pipeline-1__tfidfvectorizer__min_df': 4, 'columntransformer__pipeline-1__tfidfvectorizer__ngram_range': (1, 1), 'columntransformer__pipeline-1__tfidfvectorizer__norm': None, 'columntransformer__pipeline-1__tfidfvectorizer__tokenizer': None, 'columntransformer__pipeline-1__tfidfvectorizer__use_idf': False, 'columntransformer__pipeline-2__pca__n_components': 0.9773152778758297, 'columntransformer__pipeline-2__standardscaler': StandardScaler()}",0.530018699831545,0.5473811985209486,0.5137833363087182,0.5303944115537372,0.013718842414277014,16
38,15.190106391906738,0.4938270489869806,-0.032376368840535484,0.8994945494099037,0.939588104002897,<class 'numpy.float32'>,8,"(2, 2)",l2,,False,0.8213585817403458,passthrough,"{'columntransformer__pipeline-1__pca__n_components': 0.939588104002897, 'columntransformer__pipeline-1__tfidfvectorizer__dtype': <class 'numpy.float32'>, 'columntransformer__pipeline-1__tfidfvectorizer__min_df': 8, 'columntransformer__pipeline-1__tfidfvectorizer__ngram_range': (2, 2), 'columntransformer__pipeline-1__tfidfvectorizer__norm': 'l2', 'columntransformer__pipeline-1__tfidfvectorizer__tokenizer': None, 'columntransformer__pipeline-1__tfidfvectorizer__use_idf': False, 'columntransformer__pipeline-2__pca__n_components': 0.8213585817403458, 'columntransformer__pipeline-2__standardscaler': 'passthrough'}",0.5298524088002874,0.5369739668530554,0.5181039252213526,0.5283101002915652,0.007780473612302661,17
26,199.4562353293101,3.6371971108518903,0.7243094444274902,0.02173317935276379,0.2714580475841791,<class 'numpy.float32'>,1,"(1, 2)",l2,,False,0.11850327266615336,StandardScaler(),"{'columntransformer__pipeline-1__pca__n_components': 0.2714580475841791, 'columntransformer__pipeline-1__tfidfvectorizer__dtype': <class 'numpy.float32'>, 'columntransformer__pipeline-1__tfidfvectorizer__min_df': 1, 'columntransformer__pipeline-1__tfidfvectorizer__ngram_range': (1, 2), 'columntransformer__pipeline-1__tfidfvectorizer__norm': 'l2', 'columntransformer__pipeline-1__tfidfvectorizer__tokenizer': None, 'columntransformer__pipeline-1__tfidfvectorizer__use_idf': False, 'columntransformer__pipeline-2__pca__n_components': 0.11850327266615336, 'columntransformer__pipeline-2__standardscaler': StandardScaler()}",0.5288327461276738,0.5284448497924168,0.49252652329684465,0.5166013730723118,0.017024226065134512,18
19,5.288267215092977,0.09658797771760311,0.6468416849772135,0.07351314849080962,0.4944744241567789,<class 'numpy.float32'>,8,"(1, 2)",,<function stemming_tokenizer at 0x7f8d0c880180>,False,0.7595133639551923,passthrough,"{'columntransformer__pipeline-1__pca__n_components': 0.4944744241567789, 'columntransformer__pipeline-1__tfidfvectorizer__dtype': <class 'numpy.float32'>, 'columntransformer__pipeline-1__tfidfvectorizer__min_df': 8, 'columntransformer__pipeline-1__tfidfvectorizer__ngram_range': (1, 2), 'columntransformer__pipeline-1__tfidfvectorizer__norm': None, 'columntransformer__pipeline-1__tfidfvectorizer__tokenizer': <function stemming_tokenizer at 0x7f8d0c880180>, 'columntransformer__pipeline-1__tfidfvectorizer__use_idf': False, 'columntransformer__pipeline-2__pca__n_components': 0.7595133639551923, 'columntransformer__pipeline-2__standardscaler': 'passthrough'}",0.5123198521403008,0.5213524845454203,0.5154211350420591,0.5163644905759268,0.00374740370469675,19
30,14.336127281188965,0.9616630351658407,0.44084898630777997,0.01875716010024158,0.31853062436303503,<class 'numpy.float32'>,4,"(1, 2)",,,False,0.4114840861121085,StandardScaler(),"{'columntransformer__pipeline-1__pca__n_components': 0.31853062436303503, 'columntransformer__pipeline-1__tfidfvectorizer__dtype': <class 'numpy.float32'>, 'columntransformer__pipeline-1__tfidfvectorizer__min_df': 4, 'columntransformer__pipeline-1__tfidfvectorizer__ngram_range': (1, 2), 'columntransformer__pipeline-1__tfidfvectorizer__norm': None, 'columntransformer__pipeline-1__tfidfvectorizer__tokenizer': None, 'columntransformer__pipeline-1__tfidfvectorizer__use_idf': False, 'columntransformer__pipeline-2__pca__n_components': 0.4114840861121085, 'columntransformer__pipeline-2__standardscaler': StandardScaler()}",0.5000488460131531,0.528262875236566,0.5048316436484386,0.5110477882993859,0.012328509020316143,20
49,5.64451789855957,0.3913458910089018,0.6491375764211019,0.1379840185990844,0.7713757595465605,<class 'numpy.float32'>,16,"(1, 2)",,<function stemming_tokenizer at 0x7f8d0c880180>,True,0.47865473833171435,passthrough,"{'columntransformer__pipeline-1__pca__n_components': 0.7713757595465605, 'columntransformer__pipeline-1__tfidfvectorizer__dtype': <class 'numpy.float32'>, 'columntransformer__pipeline-1__tfidfvectorizer__min_df': 16, 'columntransformer__pipeline-1__tfidfvectorizer__ngram_range': (1, 2), 'columntransformer__pipeline-1__tfidfvectorizer__norm': None, 'columntransformer__pipeline-1__tfidfvectorizer__tokenizer': <function stemming_tokenizer at 0x7f8d0c880180>, 'columntransformer__pipeline-1__tfidfvectorizer__use_idf': True, 'columntransformer__pipeline-2__pca__n_components': 0.47865473833171435, 'columntransformer__pipeline-2__standardscaler': 'passthrough'}",0.5055311033085012,0.5214942731090756,0.49167884118042854,0.506234739199335,0.012182263688742985,21
33,19.565490166346233,0.5502232245260953,0.37854695320129395,0.04976338379490616,0.3630590543604135,<class 'numpy.float32'>,1,"(1, 1)",l1,,False,0.4243582890943989,StandardScaler(),"{'columntransformer__pipeline-1__pca__n_components': 0.3630590543604135, 'columntransformer__pipeline-1__tfidfvectorizer__dtype': <class 'numpy.float32'>, 'columntransformer__pipeline-1__tfidfvectorizer__min_df': 1, 'columntransformer__pipeline-1__tfidfvectorizer__ngram_range': (1, 1), 'columntransformer__pipeline-1__tfidfvectorizer__norm': 'l1', 'columntransformer__pipeline-1__tfidfvectorizer__tokenizer': None, 'columntransformer__pipeline-1__tfidfvectorizer__use_idf': False, 'columntransformer__pipeline-2__pca__n_components': 0.4243582890943989, 'columntransformer__pipeline-2__standardscaler': StandardScaler()}",0.4861915295207588,0.4829118498351659,0.485660533423658,0.48492130425986096,0.0014373400264560026,22
17,3.0621554056803384,0.24627050174387466,0.6640243530273438,0.03149755975473936,0.5487485404801536,<class 'numpy.float64'>,8,"(1, 1)",,<function stemming_tokenizer at 0x7f8d0c880180>,False,0.4961092351061377,passthrough,"{'columntransformer__pipeline-1__pca__n_components': 0.5487485404801536, 'columntransformer__pipeline-1__tfidfvectorizer__dtype': <class 'numpy.float64'>, 'columntransformer__pipeline-1__tfidfvectorizer__min_df': 8, 'columntransformer__pipeline-1__tfidfvectorizer__ngram_range': (1, 1), 'columntransformer__pipeline-1__tfidfvectorizer__norm': None, 'columntransformer__pipeline-1__tfidfvectorizer__tokenizer': <function stemming_tokenizer at 0x7f8d0c880180>, 'columntransformer__pipeline-1__tfidfvectorizer__use_idf': False, 'columntransformer__pipeline-2__pca__n_components': 0.4961092351061377, 'columntransformer__pipeline-2__standardscaler': 'passthrough'}",0.4558182687326925,0.4872061794344936,0.45614784754809146,0.4663907652384259,0.014719335507290734,23
39,82.62652961413066,3.2917536509170953,1.188977877298991,0.15090291304444456,0.8645599285531582,<class 'numpy.float64'>,2,"(2, 2)",,<function stemming_tokenizer at 0x7f8d0c880180>,True,0.6516402774524841,passthrough,"{'columntransformer__pipeline-1__pca__n_components': 0.8645599285531582, 'columntransformer__pipeline-1__tfidfvectorizer__dtype': <class 'numpy.float64'>, 'columntransformer__pipeline-1__tfidfvectorizer__min_df': 2, 'columntransformer__pipeline-1__tfidfvectorizer__ngram_range': (2, 2), 'columntransformer__pipeline-1__tfidfvectorizer__norm': None, 'columntransformer__pipeline-1__tfidfvectorizer__tokenizer': <function stemming_tokenizer at 0x7f8d0c880180>, 'columntransformer__pipeline-1__tfidfvectorizer__use_idf': True, 'columntransformer__pipeline-2__pca__n_components': 0.6516402774524841, 'columntransformer__pipeline-2__standardscaler': 'passthrough'}",0.4429934663955459,0.4796546757892587,0.4533814726295958,0.45867653827146676,0.015428099011569897,24
7,3.502293030420939,1.1174834434764622,0.7205266157786051,0.09986608933563174,0.45779401480255544,<class 'numpy.float32'>,8,"(1, 2)",l1,<function stemming_tokenizer at 0x7f8d0c880180>,True,0.538162911948858,passthrough,"{'columntransformer__pipeline-1__pca__n_components': 0.45779401480255544, 'columntransformer__pipeline-1__tfidfvectorizer__dtype': <class 'numpy.float32'>, 'columntransformer__pipeline-1__tfidfvectorizer__min_df': 8, 'columntransformer__pipeline-1__tfidfvectorizer__ngram_range': (1, 2), 'columntransformer__pipeline-1__tfidfvectorizer__norm': 'l1', 'columntransformer__pipeline-1__tfidfvectorizer__tokenizer': <function stemming_tokenizer at 0x7f8d0c880180>, 'columntransformer__pipeline-1__tfidfvectorizer__use_idf': True, 'columntransformer__pipeline-2__pca__n_components': 0.538162911948858, 'columntransformer__pipeline-2__standardscaler': 'passthrough'}",0.4392406051678037,0.4667719409971459,0.4640513847122681,0.4566879769590726,0.012387048167121177,25
14,142.54457712173462,1.1218565144043608,0.6896343231201172,0.029613199217663096,0.2316660645419878,<class 'numpy.float32'>,1,"(2, 2)",,,False,0.12008743864130607,passthrough,"{'columntransformer__pipeline-1__pca__n_components': 0.2316660645419878, 'columntransformer__pipeline-1__tfidfvectorizer__dtype': <class 'numpy.float32'>, 'columntransformer__pipeline-1__tfidfvectorizer__min_df': 1, 'columntransformer__pipeline-1__tfidfvectorizer__ngram_range': (2, 2), 'columntransformer__pipeline-1__tfidfvectorizer__norm': None, 'columntransformer__pipeline-1__tfidfvectorizer__tokenizer': None, 'columntransformer__pipeline-1__tfidfvectorizer__use_idf': False, 'columntransformer__pipeline-2__pca__n_components': 0.12008743864130607, 'columntransformer__pipeline-2__standardscaler': 'passthrough'}",0.44420014178617817,0.48128646627701077,0.4248026353898851,0.450096414484358,0.023433314059543926,26
40,28.165366570154827,1.1719363913809502,0.7527344226837158,0.033610089629365354,0.14556902251373555,<class 'numpy.float64'>,4,"(1, 2)",,<function stemming_tokenizer at 0x7f8d0c880180>,True,0.16297525137970736,StandardScaler(),"{'columntransformer__pipeline-1__pca__n_components': 0.14556902251373555, 'columntransformer__pipeline-1__tfidfvectorizer__dtype': <class 'numpy.float64'>, 'columntransformer__pipeline-1__tfidfvectorizer__min_df': 4, 'columntransformer__pipeline-1__tfidfvectorizer__ngram_range': (1, 2), 'columntransformer__pipeline-1__tfidfvectorizer__norm': None, 'columntransformer__pipeline-1__tfidfvectorizer__tokenizer': <function stemming_tokenizer at 0x7f8d0c880180>, 'columntransformer__pipeline-1__tfidfvectorizer__use_idf': True, 'columntransformer__pipeline-2__pca__n_components': 0.16297525137970736, 'columntransformer__pipeline-2__standardscaler': StandardScaler()}",0.4179638646710542,0.4559531767793521,0.452786532448218,0.44223452463287477,0.017210570595164593,27
15,8.332872072855631,0.8150615109447267,0.6797447204589844,0.0832033616739347,0.4694382846555917,<class 'numpy.float32'>,4,"(2, 2)",,<function stemming_tokenizer at 0x7f8d0c880180>,False,0.532854773920062,passthrough,"{'columntransformer__pipeline-1__pca__n_components': 0.4694382846555917, 'columntransformer__pipeline-1__tfidfvectorizer__dtype': <class 'numpy.float32'>, 'columntransformer__pipeline-1__tfidfvectorizer__min_df': 4, 'columntransformer__pipeline-1__tfidfvectorizer__ngram_range': (2, 2), 'columntransformer__pipeline-1__tfidfvectorizer__norm': None, 'columntransformer__pipeline-1__tfidfvectorizer__tokenizer': <function stemming_tokenizer at 0x7f8d0c880180>, 'columntransformer__pipeline-1__tfidfvectorizer__use_idf': False, 'columntransformer__pipeline-2__pca__n_components': 0.532854773920062, 'columntransformer__pipeline-2__standardscaler': 'passthrough'}",0.4197032176029783,0.4713579920105525,0.41334138689308525,0.43480086550220537,0.025979939009497414,28
46,5.317633628845215,0.22778810743493236,0.673285722732544,0.020379853763914216,0.3975439767365012,<class 'numpy.float32'>,8,"(2, 2)",,<function stemming_tokenizer at 0x7f8d0c880180>,True,0.5057143724883297,passthrough,"{'columntransformer__pipeline-1__pca__n_components': 0.3975439767365012, 'columntransformer__pipeline-1__tfidfvectorizer__dtype': <class 'numpy.float32'>, 'columntransformer__pipeline-1__tfidfvectorizer__min_df': 8, 'columntransformer__pipeline-1__tfidfvectorizer__ngram_range': (2, 2), 'columntransformer__pipeline-1__tfidfvectorizer__norm': None, 'columntransformer__pipeline-1__tfidfvectorizer__tokenizer': <function stemming_tokenizer at 0x7f8d0c880180>, 'columntransformer__pipeline-1__tfidfvectorizer__use_idf': True, 'columntransformer__pipeline-2__pca__n_components': 0.5057143724883297, 'columntransformer__pipeline-2__standardscaler': 'passthrough'}",0.40869303012104863,0.4443325629561131,0.402680905209077,0.41856883276207957,0.01838230592394951,29
1,0.06587934494018555,0.007698932980363081,0.0,0.0,1.0626990977405282,<class 'numpy.float32'>,2,"(2, 2)",,,False,1.0246710416543685,drop,"{'columntransformer__pipeline-1__pca__n_components': 1.0626990977405282, 'columntransformer__pipeline-1__tfidfvectorizer__dtype': <class 'numpy.float32'>, 'columntransformer__pipeline-1__tfidfvectorizer__min_df': 2, 'columntransformer__pipeline-1__tfidfvectorizer__ngram_range': (2, 2), 'columntransformer__pipeline-1__tfidfvectorizer__norm': None, 'columntransformer__pipeline-1__tfidfvectorizer__tokenizer': None, 'columntransformer__pipeline-1__tfidfvectorizer__use_idf': False, 'columntransformer__pipeline-2__pca__n_components': 1.0246710416543685, 'columntransformer__pipeline-2__standardscaler': 'drop'}",,,,,,30
3,2.2114771207173667,0.058917466174824906,0.0,0.0,0.5731344372284368,<class 'numpy.float64'>,8,"(1, 2)",,<function stemming_tokenizer at 0x7f8d0c880180>,True,0.681437772283032,drop,"{'columntransformer__pipeline-1__pca__n_components': 0.5731344372284368, 'columntransformer__pipeline-1__tfidfvectorizer__dtype': <class 'numpy.float64'>, 'columntransformer__pipeline-1__tfidfvectorizer__min_df': 8, 'columntransformer__pipeline-1__tfidfvectorizer__ngram_range': (1, 2), 'columntransformer__pipeline-1__tfidfvectorizer__norm': None, 'columntransformer__pipeline-1__tfidfvectorizer__tokenizer': <function stemming_tokenizer at 0x7f8d0c880180>, 'columntransformer__pipeline-1__tfidfvectorizer__use_idf': True, 'columntransformer__pipeline-2__pca__n_components': 0.681437772283032, 'columntransformer__pipeline-2__standardscaler': 'drop'}",,,,,,30
4,0.39894962310791016,0.021841212394689436,0.0,0.0,1.0437242481325344,<class 'numpy.float64'>,4,"(1, 1)",,<function stemming_tokenizer at 0x7f8d0c880180>,True,0.555694181884332,StandardScaler(),"{'columntransformer__pipeline-1__pca__n_components': 1.0437242481325344, 'columntransformer__pipeline-1__tfidfvectorizer__dtype': <class 'numpy.float64'>, 'columntransformer__pipeline-1__tfidfvectorizer__min_df': 4, 'columntransformer__pipeline-1__tfidfvectorizer__ngram_range': (1, 1), 'columntransformer__pipeline-1__tfidfvectorizer__norm': None, 'columntransformer__pipeline-1__tfidfvectorizer__tokenizer': <function stemming_tokenizer at 0x7f8d0c880180>, 'columntransformer__pipeline-1__tfidfvectorizer__use_idf': True, 'columntransformer__pipeline-2__pca__n_components': 0.555694181884332, 'columntransformer__pipeline-2__standardscaler': StandardScaler()}",,,,,,30
8,0.04643893241882324,0.008190496464902811,0.0,0.0,1.057990319355896,<class 'numpy.float64'>,16,"(1, 1)",l1,,True,0.5139542196381425,passthrough,"{'columntransformer__pipeline-1__pca__n_components': 1.057990319355896, 'columntransformer__pipeline-1__tfidfvectorizer__dtype': <class 'numpy.float64'>, 'columntransformer__pipeline-1__tfidfvectorizer__min_df': 16, 'columntransformer__pipeline-1__tfidfvectorizer__ngram_range': (1, 1), 'columntransformer__pipeline-1__tfidfvectorizer__norm': 'l1', 'columntransformer__pipeline-1__tfidfvectorizer__tokenizer': None, 'columntransformer__pipeline-1__tfidfvectorizer__use_idf': True, 'columntransformer__pipeline-2__pca__n_components': 0.5139542196381425, 'columntransformer__pipeline-2__standardscaler': 'passthrough'}",,,,,,30
9,367.53602902094525,8.00501070565239,0.0,0.0,0.34418116640960117,<class 'numpy.float64'>,1,"(1, 2)",l2,<function stemming_tokenizer at 0x7f8d0c880180>,False,0.4683564454903032,drop,"{'columntransformer__pipeline-1__pca__n_components': 0.34418116640960117, 'columntransformer__pipeline-1__tfidfvectorizer__dtype': <class 'numpy.float64'>, 'columntransformer__pipeline-1__tfidfvectorizer__min_df': 1, 'columntransformer__pipeline-1__tfidfvectorizer__ngram_range': (1, 2), 'columntransformer__pipeline-1__tfidfvectorizer__norm': 'l2', 'columntransformer__pipeline-1__tfidfvectorizer__tokenizer': <function stemming_tokenizer at 0x7f8d0c880180>, 'columntransformer__pipeline-1__tfidfvectorizer__use_idf': False, 'columntransformer__pipeline-2__pca__n_components': 0.4683564454903032, 'columntransformer__pipeline-2__standardscaler': 'drop'}",,,,,,30
11,0.15523290634155273,0.031770359234345825,0.0,0.0,1.0757843271021468,<class 'numpy.float64'>,2,"(1, 1)",,,False,0.22007636465195574,StandardScaler(),"{'columntransformer__pipeline-1__pca__n_components': 1.0757843271021468, 'columntransformer__pipeline-1__tfidfvectorizer__dtype': <class 'numpy.float64'>, 'columntransformer__pipeline-1__tfidfvectorizer__min_df': 2, 'columntransformer__pipeline-1__tfidfvectorizer__ngram_range': (1, 1), 'columntransformer__pipeline-1__tfidfvectorizer__norm': None, 'columntransformer__pipeline-1__tfidfvectorizer__tokenizer': None, 'columntransformer__pipeline-1__tfidfvectorizer__use_idf': False, 'columntransformer__pipeline-2__pca__n_components': 0.22007636465195574, 'columntransformer__pipeline-2__standardscaler': StandardScaler()}",,,,,,30
16,2.847382068634033,0.06789681941551581,0.0,0.0,0.675581177083419,<class 'numpy.float32'>,4,"(2, 2)",l1,,False,1.051796262505468,StandardScaler(),"{'columntransformer__pipeline-1__pca__n_components': 0.675581177083419, 'columntransformer__pipeline-1__tfidfvectorizer__dtype': <class 'numpy.float32'>, 'columntransformer__pipeline-1__tfidfvectorizer__min_df': 4, 'columntransformer__pipeline-1__tfidfvectorizer__ngram_range': (2, 2), 'columntransformer__pipeline-1__tfidfvectorizer__norm': 'l1', 'columntransformer__pipeline-1__tfidfvectorizer__tokenizer': None, 'columntransformer__pipeline-1__tfidfvectorizer__use_idf': False, 'columntransformer__pipeline-2__pca__n_components': 1.051796262505468, 'columntransformer__pipeline-2__standardscaler': StandardScaler()}",,,,,,30
18,8.370553652445475,0.22571437224779403,0.0,0.0,0.34954647937932315,<class 'numpy.float64'>,2,"(1, 1)",l1,<function stemming_tokenizer at 0x7f8d0c880180>,True,0.6326730476627316,drop,"{'columntransformer__pipeline-1__pca__n_components': 0.34954647937932315, 'columntransformer__pipeline-1__tfidfvectorizer__dtype': <class 'numpy.float64'>, 'columntransformer__pipeline-1__tfidfvectorizer__min_df': 2, 'columntransformer__pipeline-1__tfidfvectorizer__ngram_range': (1, 1), 'columntransformer__pipeline-1__tfidfvectorizer__norm': 'l1', 'columntransformer__pipeline-1__tfidfvectorizer__tokenizer': <function stemming_tokenizer at 0x7f8d0c880180>, 'columntransformer__pipeline-1__tfidfvectorizer__use_idf': True, 'columntransformer__pipeline-2__pca__n_components': 0.6326730476627316, 'columntransformer__pipeline-2__standardscaler': 'drop'}",,,,,,30
20,1.655197540918986,0.08470089351415981,0.0,0.0,0.4830787628099129,<class 'numpy.float64'>,4,"(1, 1)",,<function stemming_tokenizer at 0x7f8d0c880180>,False,0.1922815155714373,drop,"{'columntransformer__pipeline-1__pca__n_components': 0.4830787628099129, 'columntransformer__pipeline-1__tfidfvectorizer__dtype': <class 'numpy.float64'>, 'columntransformer__pipeline-1__tfidfvectorizer__min_df': 4, 'columntransformer__pipeline-1__tfidfvectorizer__ngram_range': (1, 1), 'columntransformer__pipeline-1__tfidfvectorizer__norm': None, 'columntransformer__pipeline-1__tfidfvectorizer__tokenizer': <function stemming_tokenizer at 0x7f8d0c880180>, 'columntransformer__pipeline-1__tfidfvectorizer__use_idf': False, 'columntransformer__pipeline-2__pca__n_components': 0.1922815155714373, 'columntransformer__pipeline-2__standardscaler': 'drop'}",,,,,,30
22,0.38347705205281574,0.015718786346923898,0.0,0.0,0.1971626671361107,<class 'numpy.float64'>,8,"(1, 1)",l1,,True,0.568779924816252,drop,"{'columntransformer__pipeline-1__pca__n_components': 0.1971626671361107, 'columntransformer__pipeline-1__tfidfvectorizer__dtype': <class 'numpy.float64'>, 'columntransformer__pipeline-1__tfidfvectorizer__min_df': 8, 'columntransformer__pipeline-1__tfidfvectorizer__ngram_range': (1, 1), 'columntransformer__pipeline-1__tfidfvectorizer__norm': 'l1', 'columntransformer__pipeline-1__tfidfvectorizer__tokenizer': None, 'columntransformer__pipeline-1__tfidfvectorizer__use_idf': True, 'columntransformer__pipeline-2__pca__n_components': 0.568779924816252, 'columntransformer__pipeline-2__standardscaler': 'drop'}",,,,,,30
25,63.823683977127075,1.8587096155033445,0.0,0.0,0.150537526939183,<class 'numpy.float64'>,2,"(2, 2)",l2,<function stemming_tokenizer at 0x7f8d0c880180>,False,1.0431793959160192,drop,"{'columntransformer__pipeline-1__pca__n_components': 0.150537526939183, 'columntransformer__pipeline-1__tfidfvectorizer__dtype': <class 'numpy.float64'>, 'columntransformer__pipeline-1__tfidfvectorizer__min_df': 2, 'columntransformer__pipeline-1__tfidfvectorizer__ngram_range': (2, 2), 'columntransformer__pipeline-1__tfidfvectorizer__norm': 'l2', 'columntransformer__pipeline-1__tfidfvectorizer__tokenizer': <function stemming_tokenizer at 0x7f8d0c880180>, 'columntransformer__pipeline-1__tfidfvectorizer__use_idf': False, 'columntransformer__pipeline-2__pca__n_components': 1.0431793959160192, 'columntransformer__pipeline-2__standardscaler': 'drop'}",,,,,,30
29,66.09413385391235,2.4298392235865105,0.0,0.0,0.6893200663782164,<class 'numpy.float64'>,2,"(2, 2)",l2,<function stemming_tokenizer at 0x7f8d0c880180>,True,0.30963390522614703,drop,"{'columntransformer__pipeline-1__pca__n_components': 0.6893200663782164, 'columntransformer__pipeline-1__tfidfvectorizer__dtype': <class 'numpy.float64'>, 'columntransformer__pipeline-1__tfidfvectorizer__min_df': 2, 'columntransformer__pipeline-1__tfidfvectorizer__ngram_range': (2, 2), 'columntransformer__pipeline-1__tfidfvectorizer__norm': 'l2', 'columntransformer__pipeline-1__tfidfvectorizer__tokenizer': <function stemming_tokenizer at 0x7f8d0c880180>, 'columntransformer__pipeline-1__tfidfvectorizer__use_idf': True, 'columntransformer__pipeline-2__pca__n_components': 0.30963390522614703, 'columntransformer__pipeline-2__standardscaler': 'drop'}",,,,,,30
31,0.21172118186950684,0.011757495364918517,0.0,0.0,1.0754279822064494,<class 'numpy.float64'>,2,"(1, 2)",l2,,False,0.843090710764478,StandardScaler(),"{'columntransformer__pipeline-1__pca__n_components': 1.0754279822064494, 'columntransformer__pipeline-1__tfidfvectorizer__dtype': <class 'numpy.float64'>, 'columntransformer__pipeline-1__tfidfvectorizer__min_df': 2, 'columntransformer__pipeline-1__tfidfvectorizer__ngram_range': (1, 2), 'columntransformer__pipeline-1__tfidfvectorizer__norm': 'l2', 'columntransformer__pipeline-1__tfidfvectorizer__tokenizer': None, 'columntransformer__pipeline-1__tfidfvectorizer__use_idf': False, 'columntransformer__pipeline-2__pca__n_components': 0.843090710764478, 'columntransformer__pipeline-2__standardscaler': StandardScaler()}",,,,,,30
34,356.1235677401225,1.719686611572447,0.0,0.0,0.7283528617475575,<class 'numpy.float64'>,1,"(1, 2)",,<function stemming_tokenizer at 0x7f8d0c880180>,True,1.0518388653149726,passthrough,"{'columntransformer__pipeline-1__pca__n_components': 0.7283528617475575, 'columntransformer__pipeline-1__tfidfvectorizer__dtype': <class 'numpy.float64'>, 'columntransformer__pipeline-1__tfidfvectorizer__min_df': 1, 'columntransformer__pipeline-1__tfidfvectorizer__ngram_range': (1, 2), 'columntransformer__pipeline-1__tfidfvectorizer__norm': None, 'columntransformer__pipeline-1__tfidfvectorizer__tokenizer': <function stemming_tokenizer at 0x7f8d0c880180>, 'columntransformer__pipeline-1__tfidfvectorizer__use_idf': True, 'columntransformer__pipeline-2__pca__n_components': 1.0518388653149726, 'columntransformer__pipeline-2__standardscaler': 'passthrough'}",,,,,,30
36,1.8572778701782227,0.07796697716635749,0.0,0.0,0.6176825132167325,<class 'numpy.float64'>,4,"(1, 1)",l2,<function stemming_tokenizer at 0x7f8d0c880180>,False,0.5631118489404459,drop,"{'columntransformer__pipeline-1__pca__n_components': 0.6176825132167325, 'columntransformer__pipeline-1__tfidfvectorizer__dtype': <class 'numpy.float64'>, 'columntransformer__pipeline-1__tfidfvectorizer__min_df': 4, 'columntransformer__pipeline-1__tfidfvectorizer__ngram_range': (1, 1), 'columntransformer__pipeline-1__tfidfvectorizer__norm': 'l2', 'columntransformer__pipeline-1__tfidfvectorizer__tokenizer': <function stemming_tokenizer at 0x7f8d0c880180>, 'columntransformer__pipeline-1__tfidfvectorizer__use_idf': False, 'columntransformer__pipeline-2__pca__n_components': 0.5631118489404459, 'columntransformer__pipeline-2__standardscaler': 'drop'}",,,,,,30
37,0.5400593280792236,0.04911605345971311,0.0,0.0,0.9067726885899287,<class 'numpy.float64'>,16,"(1, 2)",,,True,0.274733965435198,drop,"{'columntransformer__pipeline-1__pca__n_components': 0.9067726885899287, 'columntransformer__pipeline-1__tfidfvectorizer__dtype': <class 'numpy.float64'>, 'columntransformer__pipeline-1__tfidfvectorizer__min_df': 16, 'columntransformer__pipeline-1__tfidfvectorizer__ngram_range': (1, 2), 'columntransformer__pipeline-1__tfidfvectorizer__norm': None, 'columntransformer__pipeline-1__tfidfvectorizer__tokenizer': None, 'columntransformer__pipeline-1__tfidfvectorizer__use_idf': True, 'columntransformer__pipeline-2__pca__n_components': 0.274733965435198, 'columntransformer__pipeline-2__standardscaler': 'drop'}",,,,,,30
41,0.1039413611094157,0.005861123353343899,0.0,0.0,1.0285997874753983,<class 'numpy.float32'>,1,"(1, 1)",l1,,True,0.16389131085486014,passthrough,"{'columntransformer__pipeline-1__pca__n_components': 1.0285997874753983, 'columntransformer__pipeline-1__tfidfvectorizer__dtype': <class 'numpy.float32'>, 'columntransformer__pipeline-1__tfidfvectorizer__min_df': 1, 'columntransformer__pipeline-1__tfidfvectorizer__ngram_range': (1, 1), 'columntransformer__pipeline-1__tfidfvectorizer__norm': 'l1', 'columntransformer__pipeline-1__tfidfvectorizer__tokenizer': None, 'columntransformer__pipeline-1__tfidfvectorizer__use_idf': True, 'columntransformer__pipeline-2__pca__n_components': 0.16389131085486014, 'columntransformer__pipeline-2__standardscaler': 'passthrough'}",,,,,,30
42,0.4863131046295166,0.02077665500208425,0.0,0.0,0.679866690050942,<class 'numpy.float64'>,16,"(1, 2)",,,True,0.3314699248447333,drop,"{'columntransformer__pipeline-1__pca__n_components': 0.679866690050942, 'columntransformer__pipeline-1__tfidfvectorizer__dtype': <class 'numpy.float64'>, 'columntransformer__pipeline-1__tfidfvectorizer__min_df': 16, 'columntransformer__pipeline-1__tfidfvectorizer__ngram_range': (1, 2), 'columntransformer__pipeline-1__tfidfvectorizer__norm': None, 'columntransformer__pipeline-1__tfidfvectorizer__tokenizer': None, 'columntransformer__pipeline-1__tfidfvectorizer__use_idf': True, 'columntransformer__pipeline-2__pca__n_components': 0.3314699248447333, 'columntransformer__pipeline-2__standardscaler': 'drop'}",,,,,,30
45,52.70116949081421,2.2557479127649844,0.0,0.0,0.577891936732948,<class 'numpy.float64'>,2,"(1, 2)",,,False,0.23676337141391335,drop,"{'columntransformer__pipeline-1__pca__n_components': 0.577891936732948, 'columntransformer__pipeline-1__tfidfvectorizer__dtype': <class 'numpy.float64'>, 'columntransformer__pipeline-1__tfidfvectorizer__min_df': 2, 'columntransformer__pipeline-1__tfidfvectorizer__ngram_range': (1, 2), 'columntransformer__pipeline-1__tfidfvectorizer__norm': None, 'columntransformer__pipeline-1__tfidfvectorizer__tokenizer': None, 'columntransformer__pipeline-1__tfidfvectorizer__use_idf': False, 'columntransformer__pipeline-2__pca__n_components': 0.23676337141391335, 'columntransformer__pipeline-2__standardscaler': 'drop'}",,,,,,30
47,0.27002835273742676,0.026754782709479265,0.0,0.0,1.0719465695341073,<class 'numpy.float32'>,1,"(2, 2)",l1,,False,0.8744445576891444,passthrough,"{'columntransformer__pipeline-1__pca__n_components': 1.0719465695341073, 'columntransformer__pipeline-1__tfidfvectorizer__dtype': <class 'numpy.float32'>, 'columntransformer__pipeline-1__tfidfvectorizer__min_df': 1, 'columntransformer__pipeline-1__tfidfvectorizer__ngram_range': (2, 2), 'columntransformer__pipeline-1__tfidfvectorizer__norm': 'l1', 'columntransformer__pipeline-1__tfidfvectorizer__tokenizer': None, 'columntransformer__pipeline-1__tfidfvectorizer__use_idf': False, 'columntransformer__pipeline-2__pca__n_components': 0.8744445576891444, 'columntransformer__pipeline-2__standardscaler': 'passthrough'}",,,,,,30
48,0.1406892935434977,0.00741992009378417,0.0,0.0,1.051917801714456,<class 'numpy.float32'>,4,"(1, 2)",l1,,True,0.3503720974736916,passthrough,"{'columntransformer__pipeline-1__pca__n_components': 1.051917801714456, 'columntransformer__pipeline-1__tfidfvectorizer__dtype': <class 'numpy.float32'>, 'columntransformer__pipeline-1__tfidfvectorizer__min_df': 4, 'columntransformer__pipeline-1__tfidfvectorizer__ngram_range': (1, 2), 'columntransformer__pipeline-1__tfidfvectorizer__norm': 'l1', 'columntransformer__pipeline-1__tfidfvectorizer__tokenizer': None, 'columntransformer__pipeline-1__tfidfvectorizer__use_idf': True, 'columntransformer__pipeline-2__pca__n_components': 0.3503720974736916, 'columntransformer__pipeline-2__standardscaler': 'passthrough'}",,,,,,30
