,mean_fit_time,std_fit_time,mean_score_time,std_score_time,param_mlpclassifier__activation,param_mlpclassifier__alpha,param_mlpclassifier__batch_size,param_mlpclassifier__early_stopping,param_mlpclassifier__hidden_layer_sizes,param_mlpclassifier__learning_rate,param_mlpclassifier__nesterovs_momentum,params,split0_test_score,split1_test_score,split2_test_score,split3_test_score,split4_test_score,mean_test_score,std_test_score,rank_test_score
0,43.500992727279666,10.088928722330396,1.1398748397827148,0.2201956757266661,relu,0.00015335192657991572,8,True,"(100, 30, 30, 30)",invscaling,False,"{'mlpclassifier__activation': 'relu', 'mlpclassifier__alpha': 0.00015335192657991572, 'mlpclassifier__batch_size': 8, 'mlpclassifier__early_stopping': True, 'mlpclassifier__hidden_layer_sizes': (100, 30, 30, 30), 'mlpclassifier__learning_rate': 'invscaling', 'mlpclassifier__nesterovs_momentum': False}",0.543527529493041,0.5616759637040593,0.5815897983470744,0.5624336107848964,0.5294224622574855,0.5557298729173114,0.01783260430191284,45
1,90.71987752914428,11.705113740816712,0.9075920581817627,0.11133859025831046,logistic,0.00017665559365643207,32,False,"(100, 30, 30, 30)",constant,True,"{'mlpclassifier__activation': 'logistic', 'mlpclassifier__alpha': 0.00017665559365643207, 'mlpclassifier__batch_size': 32, 'mlpclassifier__early_stopping': False, 'mlpclassifier__hidden_layer_sizes': (100, 30, 30, 30), 'mlpclassifier__learning_rate': 'constant', 'mlpclassifier__nesterovs_momentum': True}",0.5196156207731376,0.5224554132923529,0.5540547961656694,0.545276452603813,0.5673206235940178,0.541744581285798,0.01832982455343042,64
2,63.14328646659851,12.217904022916446,1.1003314018249513,0.16541536656900832,relu,3.5100442309980545e-05,16,False,"(100, 30, 30, 30)",invscaling,True,"{'mlpclassifier__activation': 'relu', 'mlpclassifier__alpha': 3.5100442309980545e-05, 'mlpclassifier__batch_size': 16, 'mlpclassifier__early_stopping': False, 'mlpclassifier__hidden_layer_sizes': (100, 30, 30, 30), 'mlpclassifier__learning_rate': 'invscaling', 'mlpclassifier__nesterovs_momentum': True}",0.5563699077496758,0.5585281554035473,0.5754656919717055,0.5452806568557739,0.5524620679305852,0.5576212959822575,0.009997198036311125,42
3,34.89965171813965,2.9150421859847335,0.7457225322723389,0.06421078886999496,relu,6.1033685038603056e-05,16,True,"(100,)",invscaling,True,"{'mlpclassifier__activation': 'relu', 'mlpclassifier__alpha': 6.1033685038603056e-05, 'mlpclassifier__batch_size': 16, 'mlpclassifier__early_stopping': True, 'mlpclassifier__hidden_layer_sizes': (100,), 'mlpclassifier__learning_rate': 'invscaling', 'mlpclassifier__nesterovs_momentum': True}",0.5429627010793413,0.565697583008332,0.546351311218149,0.5410533036412934,0.5876483038943738,0.5567426405682979,0.017772860045140264,43
4,46.24777626991272,5.788766093771814,0.9287134647369385,0.11597277653580233,logistic,5.451086575834666e-05,256,False,"(100, 30, 30, 30)",invscaling,True,"{'mlpclassifier__activation': 'logistic', 'mlpclassifier__alpha': 5.451086575834666e-05, 'mlpclassifier__batch_size': 256, 'mlpclassifier__early_stopping': False, 'mlpclassifier__hidden_layer_sizes': (100, 30, 30, 30), 'mlpclassifier__learning_rate': 'invscaling', 'mlpclassifier__nesterovs_momentum': True}",0.5299918495466358,0.5497583820403007,0.5483936737042915,0.5515366999784251,0.5195411113707141,0.5398443433280734,0.01278579899056678,68
5,40.11159114837646,1.9941150625675932,0.7910415649414062,0.12250851495250907,relu,8.855561236207104e-05,16,True,"(300,)",invscaling,False,"{'mlpclassifier__activation': 'relu', 'mlpclassifier__alpha': 8.855561236207104e-05, 'mlpclassifier__batch_size': 16, 'mlpclassifier__early_stopping': True, 'mlpclassifier__hidden_layer_sizes': (300,), 'mlpclassifier__learning_rate': 'invscaling', 'mlpclassifier__nesterovs_momentum': False}",0.5521065808274186,0.5833272817422904,0.5461476305718647,0.5789631083468383,0.5411398905516221,0.5603368984080068,0.017395930457345145,36
6,45.94493145942688,11.687768053241012,0.8973850727081298,0.1360797801390032,relu,0.00027622648017994964,16,True,"(300,)",invscaling,True,"{'mlpclassifier__activation': 'relu', 'mlpclassifier__alpha': 0.00027622648017994964, 'mlpclassifier__batch_size': 16, 'mlpclassifier__early_stopping': True, 'mlpclassifier__hidden_layer_sizes': (300,), 'mlpclassifier__learning_rate': 'invscaling', 'mlpclassifier__nesterovs_momentum': True}",0.5881819532496488,0.583136910612718,0.5515975983451067,0.5696363267508595,0.5742563438569321,0.5733618265630531,0.012677141342963074,13
7,69.3130365371704,1.7574935897047348,1.04934401512146,0.17594266985905826,logistic,1.62860293969025e-05,64,False,"(100, 30, 30, 30)",constant,False,"{'mlpclassifier__activation': 'logistic', 'mlpclassifier__alpha': 1.62860293969025e-05, 'mlpclassifier__batch_size': 64, 'mlpclassifier__early_stopping': False, 'mlpclassifier__hidden_layer_sizes': (100, 30, 30, 30), 'mlpclassifier__learning_rate': 'constant', 'mlpclassifier__nesterovs_momentum': False}",0.5287441909975914,0.5270101439488687,0.5601964011555736,0.5440569394418715,0.5231047808081182,0.5366224912704047,0.013770937362786525,71
8,226.51143369674682,79.72502507727687,1.0121257781982422,0.13109517512804406,relu,0.0001370464839284902,8,False,"(300,)",invscaling,True,"{'mlpclassifier__activation': 'relu', 'mlpclassifier__alpha': 0.0001370464839284902, 'mlpclassifier__batch_size': 8, 'mlpclassifier__early_stopping': False, 'mlpclassifier__hidden_layer_sizes': (300,), 'mlpclassifier__learning_rate': 'invscaling', 'mlpclassifier__nesterovs_momentum': True}",0.5369341691851347,0.5726714735356606,0.5597669545045382,0.5632231478043505,0.5556956822506912,0.557658285456075,0.011782621108882752,41
9,29.18277726173401,2.539170320505143,0.9242941379547119,0.09092110848631528,relu,0.0001713436419711966,128,True,"(100, 100)",constant,False,"{'mlpclassifier__activation': 'relu', 'mlpclassifier__alpha': 0.0001713436419711966, 'mlpclassifier__batch_size': 128, 'mlpclassifier__early_stopping': True, 'mlpclassifier__hidden_layer_sizes': (100, 100), 'mlpclassifier__learning_rate': 'constant', 'mlpclassifier__nesterovs_momentum': False}",0.5378932350722162,0.5539581530988431,0.5721341001644389,0.5320798340277122,0.5576938767601461,0.5507518398246714,0.014350337247080715,51
10,34.65518946647644,2.728705173128697,0.3318723201751709,1.1780459325438701,relu,0.0006378185800348738,16,True,"(100, 30, 30, 30)",constant,False,"{'mlpclassifier__activation': 'relu', 'mlpclassifier__alpha': 0.0006378185800348738, 'mlpclassifier__batch_size': 16, 'mlpclassifier__early_stopping': True, 'mlpclassifier__hidden_layer_sizes': (100, 30, 30, 30), 'mlpclassifier__learning_rate': 'constant', 'mlpclassifier__nesterovs_momentum': False}",0.4809667913512879,0.566918370910731,0.5234583442205853,0.5358339224667001,0.5685438717344867,0.5351442601367583,0.032240851599440214,76
11,79.36209373474121,3.827415287078415,1.0243943691253663,0.16154452663146301,logistic,2.6349059741156112e-05,64,False,"(100, 100)",invscaling,False,"{'mlpclassifier__activation': 'logistic', 'mlpclassifier__alpha': 2.6349059741156112e-05, 'mlpclassifier__batch_size': 64, 'mlpclassifier__early_stopping': False, 'mlpclassifier__hidden_layer_sizes': (100, 100), 'mlpclassifier__learning_rate': 'invscaling', 'mlpclassifier__nesterovs_momentum': False}",0.5368071125295775,0.567682215356039,0.5591519934836988,0.5677787424215776,0.5794233529755876,0.5621686833532962,0.014226068424446242,34
12,29.519220209121706,3.5962128952407824,0.9461371898651123,0.1555406943203131,relu,0.00013816356822574785,128,True,"(100,)",constant,True,"{'mlpclassifier__activation': 'relu', 'mlpclassifier__alpha': 0.00013816356822574785, 'mlpclassifier__batch_size': 128, 'mlpclassifier__early_stopping': True, 'mlpclassifier__hidden_layer_sizes': (100,), 'mlpclassifier__learning_rate': 'constant', 'mlpclassifier__nesterovs_momentum': True}",0.5583194150108726,0.5465557721743826,0.5315950745689602,0.5506294820221238,0.5582165465166663,0.5490632580586011,0.009831959199598679,55
13,59.81756076812744,3.9558347997909817,0.9694359779357911,0.10240231028262294,logistic,2.6166974560854464e-05,64,False,"(100,)",constant,True,"{'mlpclassifier__activation': 'logistic', 'mlpclassifier__alpha': 2.6166974560854464e-05, 'mlpclassifier__batch_size': 64, 'mlpclassifier__early_stopping': False, 'mlpclassifier__hidden_layer_sizes': (100,), 'mlpclassifier__learning_rate': 'constant', 'mlpclassifier__nesterovs_momentum': True}",0.5510109211824654,0.5746962237435266,0.5974060739721956,0.5945780620981888,0.5724243462445706,0.5780231254481893,0.016863204937296615,11
14,48.88571019172669,5.398801179012647,0.40215344429016114,1.091571471015717,relu,8.562913278818231e-05,64,False,"(100, 30, 30, 30)",invscaling,False,"{'mlpclassifier__activation': 'relu', 'mlpclassifier__alpha': 8.562913278818231e-05, 'mlpclassifier__batch_size': 64, 'mlpclassifier__early_stopping': False, 'mlpclassifier__hidden_layer_sizes': (100, 30, 30, 30), 'mlpclassifier__learning_rate': 'invscaling', 'mlpclassifier__nesterovs_momentum': False}",0.5369991795698452,0.5471616096354052,0.5653104355952132,0.5479215744218936,0.5353739691579619,0.5465533536760637,0.01068017796198724,61
15,61.37512879371643,9.591730637724574,0.4986546993255615,1.2254242716962522,logistic,0.0002054277828628595,16,True,"(300,)",invscaling,True,"{'mlpclassifier__activation': 'logistic', 'mlpclassifier__alpha': 0.0002054277828628595, 'mlpclassifier__batch_size': 16, 'mlpclassifier__early_stopping': True, 'mlpclassifier__hidden_layer_sizes': (300,), 'mlpclassifier__learning_rate': 'invscaling', 'mlpclassifier__nesterovs_momentum': True}",0.5133944696800296,0.5303808474711771,0.5380233752381216,0.536791242365328,0.553191038675662,0.5343561946860638,0.012878868888389954,78
16,66.08879222869874,9.002825088567457,0.9766384124755859,0.09642306089849961,logistic,0.00043851702560851274,8,True,"(100, 100)",constant,True,"{'mlpclassifier__activation': 'logistic', 'mlpclassifier__alpha': 0.00043851702560851274, 'mlpclassifier__batch_size': 8, 'mlpclassifier__early_stopping': True, 'mlpclassifier__hidden_layer_sizes': (100, 100), 'mlpclassifier__learning_rate': 'constant', 'mlpclassifier__nesterovs_momentum': True}",0.562343972824983,0.5761972235788858,0.5257032105810412,0.598191823548184,0.5535893748011664,0.5632051210668522,0.024051866958000264,31
17,86.0993959903717,5.108235331511139,0.8841427803039551,0.07595526524499896,relu,0.0008972612866432509,32,False,"(300,)",constant,False,"{'mlpclassifier__activation': 'relu', 'mlpclassifier__alpha': 0.0008972612866432509, 'mlpclassifier__batch_size': 32, 'mlpclassifier__early_stopping': False, 'mlpclassifier__hidden_layer_sizes': (300,), 'mlpclassifier__learning_rate': 'constant', 'mlpclassifier__nesterovs_momentum': False}",0.5564492962933573,0.568378514157303,0.5904001585921063,0.5797563818805116,0.5891811195227321,0.5768330940892021,0.012900106334838058,12
18,198.50848598480223,25.98575510842879,0.9068456649780273,0.10938576715227886,logistic,0.00030097273776147316,8,False,"(100, 100)",invscaling,True,"{'mlpclassifier__activation': 'logistic', 'mlpclassifier__alpha': 0.00030097273776147316, 'mlpclassifier__batch_size': 8, 'mlpclassifier__early_stopping': False, 'mlpclassifier__hidden_layer_sizes': (100, 100), 'mlpclassifier__learning_rate': 'invscaling', 'mlpclassifier__nesterovs_momentum': True}",0.5412120250111668,0.5358506853961797,0.560458395129714,0.5648971475844065,0.5464832895177942,0.5497803085278521,0.011143254227594681,53
19,40.666474151611325,5.123964344013811,0.9398798942565918,0.11416217853030526,logistic,3.9109331722510566e-05,32,True,"(100, 100)",constant,False,"{'mlpclassifier__activation': 'logistic', 'mlpclassifier__alpha': 3.9109331722510566e-05, 'mlpclassifier__batch_size': 32, 'mlpclassifier__early_stopping': True, 'mlpclassifier__hidden_layer_sizes': (100, 100), 'mlpclassifier__learning_rate': 'constant', 'mlpclassifier__nesterovs_momentum': False}",0.5442373034495803,0.562344466817018,0.5312776379114167,0.42122647796756185,0.545593809630775,0.5209359391552704,0.05082235276132472,88
20,52.52744812965393,0.9036074509811927,0.42084674835205077,1.1872870652937528,relu,1.343677338411072e-05,32,False,"(100, 30, 30, 30)",constant,False,"{'mlpclassifier__activation': 'relu', 'mlpclassifier__alpha': 1.343677338411072e-05, 'mlpclassifier__batch_size': 32, 'mlpclassifier__early_stopping': False, 'mlpclassifier__hidden_layer_sizes': (100, 30, 30, 30), 'mlpclassifier__learning_rate': 'constant', 'mlpclassifier__nesterovs_momentum': False}",0.5369901834960502,0.5859681201813834,0.5667870642081868,0.5546135941104408,0.5447662130938238,0.557825035017977,0.017246961647843933,40
21,131.78853158950807,36.60034348912816,0.3559460163116455,1.044923225716944,relu,0.00011130024156730645,16,False,"(300,)",constant,True,"{'mlpclassifier__activation': 'relu', 'mlpclassifier__alpha': 0.00011130024156730645, 'mlpclassifier__batch_size': 16, 'mlpclassifier__early_stopping': False, 'mlpclassifier__hidden_layer_sizes': (300,), 'mlpclassifier__learning_rate': 'constant', 'mlpclassifier__nesterovs_momentum': True}",0.5535418860181436,0.5443027030040346,0.5814071791792933,0.5906027362766817,0.591528916859153,0.5722766842674611,0.01961323467719398,15
22,48.3246148109436,4.971091507446854,1.0450998306274415,0.13061315865465703,relu,4.336485563242765e-05,64,False,"(100, 30, 30, 30)",constant,True,"{'mlpclassifier__activation': 'relu', 'mlpclassifier__alpha': 4.336485563242765e-05, 'mlpclassifier__batch_size': 64, 'mlpclassifier__early_stopping': False, 'mlpclassifier__hidden_layer_sizes': (100, 30, 30, 30), 'mlpclassifier__learning_rate': 'constant', 'mlpclassifier__nesterovs_momentum': True}",0.5481687401387972,0.5571022262661441,0.5552962020591492,0.5408535677958721,0.5684693764256221,0.553978022537117,0.009246584860942741,46
23,51.63323607444763,4.4949762533194555,0.9902529239654541,0.09194285631018939,relu,3.7915098265376724e-05,64,False,"(100, 100)",invscaling,True,"{'mlpclassifier__activation': 'relu', 'mlpclassifier__alpha': 3.7915098265376724e-05, 'mlpclassifier__batch_size': 64, 'mlpclassifier__early_stopping': False, 'mlpclassifier__hidden_layer_sizes': (100, 100), 'mlpclassifier__learning_rate': 'invscaling', 'mlpclassifier__nesterovs_momentum': True}",0.5386084247726131,0.5618257551794419,0.5689453131761488,0.5771259489679308,0.5701780478932017,0.5633366979978673,0.013282880108073068,30
24,65.26244702339173,4.419251636570154,0.9351737976074219,0.04381318713629059,relu,0.0004548624208721939,512,False,"(300,)",constant,False,"{'mlpclassifier__activation': 'relu', 'mlpclassifier__alpha': 0.0004548624208721939, 'mlpclassifier__batch_size': 512, 'mlpclassifier__early_stopping': False, 'mlpclassifier__hidden_layer_sizes': (300,), 'mlpclassifier__learning_rate': 'constant', 'mlpclassifier__nesterovs_momentum': False}",0.5560820223496352,0.5663068330202392,0.5848837343934834,0.5819310366507585,0.565291581686972,0.5708990416202177,0.010856818991859373,17
25,48.661076402664186,3.0517216945136703,0.950334119796753,0.07725854987730793,relu,0.00029538473249561553,256,False,"(100,)",constant,False,"{'mlpclassifier__activation': 'relu', 'mlpclassifier__alpha': 0.00029538473249561553, 'mlpclassifier__batch_size': 256, 'mlpclassifier__early_stopping': False, 'mlpclassifier__hidden_layer_sizes': (100,), 'mlpclassifier__learning_rate': 'constant', 'mlpclassifier__nesterovs_momentum': False}",0.5446875095828623,0.5814904446774569,0.5613598784256288,0.5847938863706595,0.5749514348003333,0.5694566307713881,0.01476010650883135,19
26,67.44792141914368,2.638906034079498,0.8415982723236084,0.12345964770738516,logistic,0.00015278610607077087,32,False,"(100,)",invscaling,True,"{'mlpclassifier__activation': 'logistic', 'mlpclassifier__alpha': 0.00015278610607077087, 'mlpclassifier__batch_size': 32, 'mlpclassifier__early_stopping': False, 'mlpclassifier__hidden_layer_sizes': (100,), 'mlpclassifier__learning_rate': 'invscaling', 'mlpclassifier__nesterovs_momentum': True}",0.5558518546272669,0.5684231567636815,0.5708861870989531,0.581921693510784,0.5731156252512212,0.5700397034503814,0.008429327312490822,18
27,36.548786067962645,2.981378431560431,0.8767412662506103,0.07542232561019419,logistic,7.838821177219166e-05,128,True,"(300,)",invscaling,True,"{'mlpclassifier__activation': 'logistic', 'mlpclassifier__alpha': 7.838821177219166e-05, 'mlpclassifier__batch_size': 128, 'mlpclassifier__early_stopping': True, 'mlpclassifier__hidden_layer_sizes': (300,), 'mlpclassifier__learning_rate': 'invscaling', 'mlpclassifier__nesterovs_momentum': True}",0.49280760773765414,0.5524514754896928,0.5119975235185328,0.5237655720072805,0.5212206771708789,0.5204485711848078,0.01934542629668404,89
28,30.124699592590332,2.2350202483640422,0.8767885208129883,0.06967684685828845,relu,0.0004242243954166456,256,True,"(100,)",constant,True,"{'mlpclassifier__activation': 'relu', 'mlpclassifier__alpha': 0.0004242243954166456, 'mlpclassifier__batch_size': 256, 'mlpclassifier__early_stopping': True, 'mlpclassifier__hidden_layer_sizes': (100,), 'mlpclassifier__learning_rate': 'constant', 'mlpclassifier__nesterovs_momentum': True}",0.49849088193626334,0.556825883848116,0.5262638577715384,0.5562533223282047,0.5613025864967466,0.5398273064761738,0.024135535692874424,69
29,84.20374555587769,4.546387307492807,0.8666694641113282,0.06242244398303726,logistic,0.0005800570688908549,16,False,"(100,)",invscaling,True,"{'mlpclassifier__activation': 'logistic', 'mlpclassifier__alpha': 0.0005800570688908549, 'mlpclassifier__batch_size': 16, 'mlpclassifier__early_stopping': False, 'mlpclassifier__hidden_layer_sizes': (100,), 'mlpclassifier__learning_rate': 'invscaling', 'mlpclassifier__nesterovs_momentum': True}",0.5285181408284065,0.5715249761485148,0.5485160502578719,0.5729618513304654,0.545618596405996,0.5534279229942509,0.016820743219030748,48
30,87.61000328063965,6.336141181920773,0.9380329132080079,0.22189687808046163,logistic,0.0008168969403760052,16,False,"(100,)",constant,False,"{'mlpclassifier__activation': 'logistic', 'mlpclassifier__alpha': 0.0008168969403760052, 'mlpclassifier__batch_size': 16, 'mlpclassifier__early_stopping': False, 'mlpclassifier__hidden_layer_sizes': (100,), 'mlpclassifier__learning_rate': 'constant', 'mlpclassifier__nesterovs_momentum': False}",0.5190419816091244,0.5500160959496556,0.5399601097044298,0.5723512368740604,0.523964049064507,0.5410666946403555,0.019170953896918946,65
31,34.82771873474121,1.848496752802644,0.7555183887481689,0.11293611186343123,logistic,1.092411835137167e-05,256,True,"(300,)",invscaling,True,"{'mlpclassifier__activation': 'logistic', 'mlpclassifier__alpha': 1.092411835137167e-05, 'mlpclassifier__batch_size': 256, 'mlpclassifier__early_stopping': True, 'mlpclassifier__hidden_layer_sizes': (300,), 'mlpclassifier__learning_rate': 'invscaling', 'mlpclassifier__nesterovs_momentum': True}",0.5208243628081519,0.5399855445761115,0.48257378952263946,0.5047675481523882,0.5033756299247537,0.510305374996809,0.01917963136593071,95
32,53.514608812332156,9.638567638329969,0.806393051147461,0.08678501320094786,relu,0.00017219909235453482,32,False,"(100, 100)",invscaling,False,"{'mlpclassifier__activation': 'relu', 'mlpclassifier__alpha': 0.00017219909235453482, 'mlpclassifier__batch_size': 32, 'mlpclassifier__early_stopping': False, 'mlpclassifier__hidden_layer_sizes': (100, 100), 'mlpclassifier__learning_rate': 'invscaling', 'mlpclassifier__nesterovs_momentum': False}",0.5420829755327221,0.5660016282182552,0.563493047023005,0.5723313817299713,0.5548061531551866,0.559743037131828,0.010468520004047074,38
33,32.341250801086424,2.659083800007839,0.7255781650543213,0.05656659047110655,relu,0.00013801612233045883,16,True,"(100, 30, 30, 30)",constant,True,"{'mlpclassifier__activation': 'relu', 'mlpclassifier__alpha': 0.00013801612233045883, 'mlpclassifier__batch_size': 16, 'mlpclassifier__early_stopping': True, 'mlpclassifier__hidden_layer_sizes': (100, 30, 30, 30), 'mlpclassifier__learning_rate': 'constant', 'mlpclassifier__nesterovs_momentum': True}",0.5313951931383151,0.5590144785516193,0.4913840349146885,0.49669417085611667,0.515608387722741,0.5188192530366961,0.024602156550184506,90
34,39.65270948410034,6.333018991147254,0.8164968013763427,0.1647627909792802,relu,0.00020146821564116842,64,False,"(100, 30, 30, 30)",invscaling,True,"{'mlpclassifier__activation': 'relu', 'mlpclassifier__alpha': 0.00020146821564116842, 'mlpclassifier__batch_size': 64, 'mlpclassifier__early_stopping': False, 'mlpclassifier__hidden_layer_sizes': (100, 30, 30, 30), 'mlpclassifier__learning_rate': 'invscaling', 'mlpclassifier__nesterovs_momentum': True}",0.5259392216462034,0.5379614137337001,0.5653922868287619,0.5646417430894373,0.5522760324058182,0.5492421395407842,0.015345750616582755,54
35,60.10059194564819,4.545759246530748,0.8383546829223633,0.10315554606567012,relu,7.442688632875928e-05,512,False,"(300,)",invscaling,False,"{'mlpclassifier__activation': 'relu', 'mlpclassifier__alpha': 7.442688632875928e-05, 'mlpclassifier__batch_size': 512, 'mlpclassifier__early_stopping': False, 'mlpclassifier__hidden_layer_sizes': (300,), 'mlpclassifier__learning_rate': 'invscaling', 'mlpclassifier__nesterovs_momentum': False}",0.5708780322990445,0.5754736759399155,0.5879077426825329,0.5789812464000569,0.5904329970243278,0.5807347388691755,0.007394814106452851,8
36,168.89532952308656,26.595336242512555,0.9017874240875244,0.12643112992875444,logistic,1.5865500409725956e-05,8,False,"(100, 100)",constant,False,"{'mlpclassifier__activation': 'logistic', 'mlpclassifier__alpha': 1.5865500409725956e-05, 'mlpclassifier__batch_size': 8, 'mlpclassifier__early_stopping': False, 'mlpclassifier__hidden_layer_sizes': (100, 100), 'mlpclassifier__learning_rate': 'constant', 'mlpclassifier__nesterovs_momentum': False}",0.5413210868408255,0.5548276329119256,0.5649337094707292,0.5751746996228402,0.5769856538064327,0.5626485565305506,0.013294407490679217,32
37,146.7461410522461,17.465368314672084,0.7917517185211181,0.1461093881479757,logistic,1.990199484057698e-05,8,False,"(100, 30, 30, 30)",invscaling,False,"{'mlpclassifier__activation': 'logistic', 'mlpclassifier__alpha': 1.990199484057698e-05, 'mlpclassifier__batch_size': 8, 'mlpclassifier__early_stopping': False, 'mlpclassifier__hidden_layer_sizes': (100, 30, 30, 30), 'mlpclassifier__learning_rate': 'invscaling', 'mlpclassifier__nesterovs_momentum': False}",0.5271202000404362,0.5479963055761331,0.5406228918108583,0.5852817921828386,0.5614367428236909,0.5524915864867915,0.019798960202329845,50
38,69.03365349769592,5.90713194270703,0.9051311492919922,0.08141560785176014,logistic,0.0003614947873024338,512,False,"(300,)",invscaling,False,"{'mlpclassifier__activation': 'logistic', 'mlpclassifier__alpha': 0.0003614947873024338, 'mlpclassifier__batch_size': 512, 'mlpclassifier__early_stopping': False, 'mlpclassifier__hidden_layer_sizes': (300,), 'mlpclassifier__learning_rate': 'invscaling', 'mlpclassifier__nesterovs_momentum': False}",0.5350559895328548,0.583627818250821,0.547029725994747,0.5710248405972155,0.5820597782638515,0.5637596305278979,0.019422730394890484,28
39,44.34668664932251,1.8778708800777684,0.8255468845367432,0.09291706070916692,logistic,1.1653188471763937e-05,16,True,"(100, 30, 30, 30)",invscaling,True,"{'mlpclassifier__activation': 'logistic', 'mlpclassifier__alpha': 1.1653188471763937e-05, 'mlpclassifier__batch_size': 16, 'mlpclassifier__early_stopping': True, 'mlpclassifier__hidden_layer_sizes': (100, 30, 30, 30), 'mlpclassifier__learning_rate': 'invscaling', 'mlpclassifier__nesterovs_momentum': True}",0.5297811801899697,0.5452670194867589,0.5298662271622211,0.49089105124850685,0.5216377309850452,0.5234886418145004,0.01800331163823195,85
40,32.48030872344971,4.500753792599759,0.8634278297424316,0.19031691067660642,relu,1.262339668951709e-05,64,True,"(300,)",constant,False,"{'mlpclassifier__activation': 'relu', 'mlpclassifier__alpha': 1.262339668951709e-05, 'mlpclassifier__batch_size': 64, 'mlpclassifier__early_stopping': True, 'mlpclassifier__hidden_layer_sizes': (300,), 'mlpclassifier__learning_rate': 'constant', 'mlpclassifier__nesterovs_momentum': False}",0.5195976940772731,0.5903059190656305,0.489250242595843,0.5850786360266507,0.5833016579439959,0.5535068299418786,0.04127328963848415,47
41,32.02190747261047,5.687834721176729,0.7543907642364502,0.0698409438512262,logistic,0.0003387063961742067,256,True,"(300,)",constant,True,"{'mlpclassifier__activation': 'logistic', 'mlpclassifier__alpha': 0.0003387063961742067, 'mlpclassifier__batch_size': 256, 'mlpclassifier__early_stopping': True, 'mlpclassifier__hidden_layer_sizes': (300,), 'mlpclassifier__learning_rate': 'constant', 'mlpclassifier__nesterovs_momentum': True}",0.4563883208908398,0.5355296274549393,0.5139624518583161,0.5437553971128751,0.5258384919885944,0.515094857861113,0.030990875493335037,92
42,36.494949865341184,3.331627262056072,0.9373616695404052,0.13466000771621087,relu,9.530109129483167e-05,256,False,"(100, 30, 30, 30)",constant,True,"{'mlpclassifier__activation': 'relu', 'mlpclassifier__alpha': 9.530109129483167e-05, 'mlpclassifier__batch_size': 256, 'mlpclassifier__early_stopping': False, 'mlpclassifier__hidden_layer_sizes': (100, 30, 30, 30), 'mlpclassifier__learning_rate': 'constant', 'mlpclassifier__nesterovs_momentum': True}",0.5157221597195807,0.5590253816255001,0.5426740306490763,0.5582772006438661,0.559004676194054,0.5469406897664154,0.016810098292624764,60
43,29.173330354690552,0.9816015722524363,0.8617524623870849,0.07020982222561004,logistic,8.45088038670845e-05,512,True,"(100, 100)",constant,True,"{'mlpclassifier__activation': 'logistic', 'mlpclassifier__alpha': 8.45088038670845e-05, 'mlpclassifier__batch_size': 512, 'mlpclassifier__early_stopping': True, 'mlpclassifier__hidden_layer_sizes': (100, 100), 'mlpclassifier__learning_rate': 'constant', 'mlpclassifier__nesterovs_momentum': True}",0.48416500629249465,0.47512390404108124,0.4300750424057293,0.5576429711514064,0.48956357720667276,0.48731410021947685,0.04095372424605651,96
44,50.84468779563904,4.808054142032527,0.8545565128326416,0.05036447747388926,relu,0.0001560669031053386,16,False,"(100, 30, 30, 30)",constant,False,"{'mlpclassifier__activation': 'relu', 'mlpclassifier__alpha': 0.0001560669031053386, 'mlpclassifier__batch_size': 16, 'mlpclassifier__early_stopping': False, 'mlpclassifier__hidden_layer_sizes': (100, 30, 30, 30), 'mlpclassifier__learning_rate': 'constant', 'mlpclassifier__nesterovs_momentum': False}",0.5522094598034047,0.5816606906065453,0.5558514986168468,0.5676909587912901,0.5640664000287671,0.5642958015693708,0.010300533952562923,27
45,39.49077925682068,2.403484286091235,0.7605219841003418,0.14318467008924593,relu,0.00025014748996626677,8,True,"(100, 30, 30, 30)",invscaling,True,"{'mlpclassifier__activation': 'relu', 'mlpclassifier__alpha': 0.00025014748996626677, 'mlpclassifier__batch_size': 8, 'mlpclassifier__early_stopping': True, 'mlpclassifier__hidden_layer_sizes': (100, 30, 30, 30), 'mlpclassifier__learning_rate': 'invscaling', 'mlpclassifier__nesterovs_momentum': True}",0.5342167943542644,0.5755102974294843,0.465795337942245,0.5448212741225936,0.5586468734068578,0.5357981154510891,0.03763888937091961,75
46,30.18705530166626,5.27742918966581,0.7880009174346924,0.1591253164154975,logistic,0.0005352576528909923,256,True,"(300,)",constant,False,"{'mlpclassifier__activation': 'logistic', 'mlpclassifier__alpha': 0.0005352576528909923, 'mlpclassifier__batch_size': 256, 'mlpclassifier__early_stopping': True, 'mlpclassifier__hidden_layer_sizes': (300,), 'mlpclassifier__learning_rate': 'constant', 'mlpclassifier__nesterovs_momentum': False}",0.5200117277028646,0.5243067393969845,0.5230290950409859,0.541111770449002,0.5278314978208967,0.5272581660821467,0.007366924646958405,83
47,42.00955419540405,10.062946780962978,0.9051180362701416,0.09225298267938503,logistic,2.6593836708988337e-05,32,True,"(300,)",constant,True,"{'mlpclassifier__activation': 'logistic', 'mlpclassifier__alpha': 2.6593836708988337e-05, 'mlpclassifier__batch_size': 32, 'mlpclassifier__early_stopping': True, 'mlpclassifier__hidden_layer_sizes': (300,), 'mlpclassifier__learning_rate': 'constant', 'mlpclassifier__nesterovs_momentum': True}",0.5022690495850585,0.5573088857675366,0.48361833050970776,0.5095830004388687,0.5361827375759864,0.5177924007754315,0.02598458326916692,91
48,33.99856295585632,5.453590292892569,0.38753657341003417,0.9729203537565749,logistic,8.020807069734154e-05,64,True,"(100, 30, 30, 30)",invscaling,False,"{'mlpclassifier__activation': 'logistic', 'mlpclassifier__alpha': 8.020807069734154e-05, 'mlpclassifier__batch_size': 64, 'mlpclassifier__early_stopping': True, 'mlpclassifier__hidden_layer_sizes': (100, 30, 30, 30), 'mlpclassifier__learning_rate': 'invscaling', 'mlpclassifier__nesterovs_momentum': False}",0.41957111214178644,0.49795002679869826,0.49003332357908463,0.4127968250536595,0.49113808365066947,0.46229787424477964,0.037810101509799555,98
49,31.40699863433838,1.5475623489480919,0.8216511726379394,0.18968603072503723,relu,7.393213555381204e-05,512,True,"(100, 100)",constant,False,"{'mlpclassifier__activation': 'relu', 'mlpclassifier__alpha': 7.393213555381204e-05, 'mlpclassifier__batch_size': 512, 'mlpclassifier__early_stopping': True, 'mlpclassifier__hidden_layer_sizes': (100, 100), 'mlpclassifier__learning_rate': 'constant', 'mlpclassifier__nesterovs_momentum': False}",0.514914811681569,0.5022346079749369,0.4939209606290532,0.5159865936771743,0.5398831748459193,0.5133880297617306,0.01558487669926307,94
50,72.05873947143554,0.7683621743118376,0.9224380016326904,0.09863981219503559,logistic,2.2866903294942006e-05,256,False,"(300,)",invscaling,False,"{'mlpclassifier__activation': 'logistic', 'mlpclassifier__alpha': 2.2866903294942006e-05, 'mlpclassifier__batch_size': 256, 'mlpclassifier__early_stopping': False, 'mlpclassifier__hidden_layer_sizes': (300,), 'mlpclassifier__learning_rate': 'invscaling', 'mlpclassifier__nesterovs_momentum': False}",0.5571861674734888,0.608498936627133,0.6060646995975746,0.5799150899459419,0.5950944546678734,0.5893518696624023,0.018987318657787383,1
51,60.62339630126953,5.738849947181062,0.7287154197692871,0.0424056112501519,relu,8.07967122739543e-05,16,False,"(100, 30, 30, 30)",invscaling,False,"{'mlpclassifier__activation': 'relu', 'mlpclassifier__alpha': 8.07967122739543e-05, 'mlpclassifier__batch_size': 16, 'mlpclassifier__early_stopping': False, 'mlpclassifier__hidden_layer_sizes': (100, 30, 30, 30), 'mlpclassifier__learning_rate': 'invscaling', 'mlpclassifier__nesterovs_momentum': False}",0.5196151547574729,0.5592675259819604,0.5532746623745606,0.560761040544093,0.5459706001685075,0.5477777967653189,0.015014622155875292,59
52,60.99654655456543,2.3710987293509542,0.8824886322021485,0.21182555980964618,relu,2.715150883792442e-05,8,False,"(100,)",constant,True,"{'mlpclassifier__activation': 'relu', 'mlpclassifier__alpha': 2.715150883792442e-05, 'mlpclassifier__batch_size': 8, 'mlpclassifier__early_stopping': False, 'mlpclassifier__hidden_layer_sizes': (100,), 'mlpclassifier__learning_rate': 'constant', 'mlpclassifier__nesterovs_momentum': True}",0.5443977229778942,0.575965378856327,0.569632572980382,0.5739921654435154,0.5582269820856496,0.5644429644687536,0.011758702755774085,26
53,40.737022161483765,4.991861385421118,0.7063107490539551,0.08162798369712888,relu,0.0005796566177421977,64,False,"(100,)",invscaling,False,"{'mlpclassifier__activation': 'relu', 'mlpclassifier__alpha': 0.0005796566177421977, 'mlpclassifier__batch_size': 64, 'mlpclassifier__early_stopping': False, 'mlpclassifier__hidden_layer_sizes': (100,), 'mlpclassifier__learning_rate': 'invscaling', 'mlpclassifier__nesterovs_momentum': False}",0.5570677735932743,0.5521252596516991,0.5800233533795625,0.565670687727964,0.5717571998707738,0.5653288548446547,0.009999491448555732,24
54,36.49680833816528,4.082750122313325,0.8110584735870361,0.1347599167015963,logistic,0.00010950208469145121,8,True,"(100,)",invscaling,False,"{'mlpclassifier__activation': 'logistic', 'mlpclassifier__alpha': 0.00010950208469145121, 'mlpclassifier__batch_size': 8, 'mlpclassifier__early_stopping': True, 'mlpclassifier__hidden_layer_sizes': (100,), 'mlpclassifier__learning_rate': 'invscaling', 'mlpclassifier__nesterovs_momentum': False}",0.5404770494156343,0.5845351247165789,0.5487778921977607,0.5259089750455104,0.5255960049134881,0.5450590092577945,0.02162739229065657,62
55,191.03936643600463,29.979295251081314,1.0023969173431397,0.2205070039444583,logistic,0.0005897600077135442,8,False,"(100, 30, 30, 30)",constant,False,"{'mlpclassifier__activation': 'logistic', 'mlpclassifier__alpha': 0.0005897600077135442, 'mlpclassifier__batch_size': 8, 'mlpclassifier__early_stopping': False, 'mlpclassifier__hidden_layer_sizes': (100, 30, 30, 30), 'mlpclassifier__learning_rate': 'constant', 'mlpclassifier__nesterovs_momentum': False}",0.5201307329580863,0.5375164931711063,0.5247804425907894,0.5484560863042208,0.5442549439231231,0.5350277397894652,0.010941513533796975,77
56,77.83633508682252,10.607736473958344,0.8410944938659668,0.10953255581959863,relu,0.0003779887333329506,8,False,"(100, 100)",constant,True,"{'mlpclassifier__activation': 'relu', 'mlpclassifier__alpha': 0.0003779887333329506, 'mlpclassifier__batch_size': 8, 'mlpclassifier__early_stopping': False, 'mlpclassifier__hidden_layer_sizes': (100, 100), 'mlpclassifier__learning_rate': 'constant', 'mlpclassifier__nesterovs_momentum': True}",0.5212360270633032,0.5591331025444799,0.5529573526976967,0.5571400569235505,0.5508215292517374,0.5482576136961536,0.013827519005182597,57
57,27.528643751144408,2.6212722352042506,0.782194709777832,0.0345104679722432,relu,0.0008220565826464473,512,True,"(100, 100)",invscaling,False,"{'mlpclassifier__activation': 'relu', 'mlpclassifier__alpha': 0.0008220565826464473, 'mlpclassifier__batch_size': 512, 'mlpclassifier__early_stopping': True, 'mlpclassifier__hidden_layer_sizes': (100, 100), 'mlpclassifier__learning_rate': 'invscaling', 'mlpclassifier__nesterovs_momentum': False}",0.5374385251097078,0.5365059642594446,0.5315242037644142,0.5450421494442856,0.5339431965700605,0.5368908078295827,0.0045690550498228176,70
58,46.21048088073731,2.9994625685031027,0.8563440799713135,0.1243595369791277,relu,0.00028899102350904177,256,False,"(100,)",invscaling,False,"{'mlpclassifier__activation': 'relu', 'mlpclassifier__alpha': 0.00028899102350904177, 'mlpclassifier__batch_size': 256, 'mlpclassifier__early_stopping': False, 'mlpclassifier__hidden_layer_sizes': (100,), 'mlpclassifier__learning_rate': 'invscaling', 'mlpclassifier__nesterovs_momentum': False}",0.5418239687369513,0.5744759154262343,0.5641339975313979,0.5799077957154963,0.5516860330632182,0.5624055420946595,0.014096236292871635,33
59,31.89195466041565,3.7699005527236475,0.8933485984802246,0.1294563987230553,logistic,0.0004122498798271112,128,True,"(100, 100)",constant,True,"{'mlpclassifier__activation': 'logistic', 'mlpclassifier__alpha': 0.0004122498798271112, 'mlpclassifier__batch_size': 128, 'mlpclassifier__early_stopping': True, 'mlpclassifier__hidden_layer_sizes': (100, 100), 'mlpclassifier__learning_rate': 'constant', 'mlpclassifier__nesterovs_momentum': True}",0.5118288064048859,0.5486101250922234,0.5292684941732129,0.4607130441920358,0.520964650248404,0.5142770240221524,0.029405183405864104,93
60,37.73093810081482,5.605452458809287,0.8284430503845215,0.1339525018484146,relu,0.0002714684494568181,64,True,"(300,)",constant,False,"{'mlpclassifier__activation': 'relu', 'mlpclassifier__alpha': 0.0002714684494568181, 'mlpclassifier__batch_size': 64, 'mlpclassifier__early_stopping': True, 'mlpclassifier__hidden_layer_sizes': (300,), 'mlpclassifier__learning_rate': 'constant', 'mlpclassifier__nesterovs_momentum': False}",0.5604891833488835,0.5895178420970143,0.5854658043350585,0.5825708119991333,0.582833565714854,0.5801754414989888,0.010155004401808713,9
61,35.62754611968994,4.36600051091693,1.0505076885223388,0.19583376396512645,relu,1.9484780542434406e-05,256,False,"(100, 30, 30, 30)",invscaling,True,"{'mlpclassifier__activation': 'relu', 'mlpclassifier__alpha': 1.9484780542434406e-05, 'mlpclassifier__batch_size': 256, 'mlpclassifier__early_stopping': False, 'mlpclassifier__hidden_layer_sizes': (100, 30, 30, 30), 'mlpclassifier__learning_rate': 'invscaling', 'mlpclassifier__nesterovs_momentum': True}",0.5046485711303722,0.5489112481736156,0.5554047876476581,0.5655338899598059,0.5677319353912066,0.5484460864605316,0.022938174487666677,56
62,72.33939323425292,5.330397220085083,0.8696778297424317,0.11924239096687694,relu,0.00033935207386237874,16,False,"(100, 100)",invscaling,True,"{'mlpclassifier__activation': 'relu', 'mlpclassifier__alpha': 0.00033935207386237874, 'mlpclassifier__batch_size': 16, 'mlpclassifier__early_stopping': False, 'mlpclassifier__hidden_layer_sizes': (100, 100), 'mlpclassifier__learning_rate': 'invscaling', 'mlpclassifier__nesterovs_momentum': True}",0.5453317938603164,0.5816565576958254,0.5814943139027345,0.576743149924704,0.5456533819661875,0.5661758394699536,0.016980116874475273,23
63,41.76483597755432,4.2299473013567965,0.9067931175231934,0.17764844974631255,relu,0.0002906615016525091,32,False,"(100, 30, 30, 30)",constant,False,"{'mlpclassifier__activation': 'relu', 'mlpclassifier__alpha': 0.0002906615016525091, 'mlpclassifier__batch_size': 32, 'mlpclassifier__early_stopping': False, 'mlpclassifier__hidden_layer_sizes': (100, 30, 30, 30), 'mlpclassifier__learning_rate': 'constant', 'mlpclassifier__nesterovs_momentum': False}",0.542574758776778,0.5700113869647707,0.5564473233469218,0.5731909133893376,0.5624667304356101,0.5609382225826837,0.010882757546328663,35
64,26.542643213272093,2.805288147771499,0.16202888488769532,1.0935169735037933,relu,0.00022621771466903027,256,True,"(100, 100)",constant,False,"{'mlpclassifier__activation': 'relu', 'mlpclassifier__alpha': 0.00022621771466903027, 'mlpclassifier__batch_size': 256, 'mlpclassifier__early_stopping': True, 'mlpclassifier__hidden_layer_sizes': (100, 100), 'mlpclassifier__learning_rate': 'constant', 'mlpclassifier__nesterovs_momentum': False}",0.5152424283530894,0.5227659981755657,0.5447102410415197,0.5419740806459756,0.5408661664714003,0.53311178293751,0.011828305970500115,79
65,98.4463870048523,15.008290943857055,0.9061638832092285,0.12708803679663974,relu,0.0004635282365526482,8,False,"(100, 100)",constant,False,"{'mlpclassifier__activation': 'relu', 'mlpclassifier__alpha': 0.0004635282365526482, 'mlpclassifier__batch_size': 8, 'mlpclassifier__early_stopping': False, 'mlpclassifier__hidden_layer_sizes': (100, 100), 'mlpclassifier__learning_rate': 'constant', 'mlpclassifier__nesterovs_momentum': False}",0.5227277583239361,0.5354866939436325,0.5893841671045689,0.5681911391994879,0.5474925143464817,0.5526564545836214,0.023695759587519297,49
66,25.045375967025755,2.3680818506999426,0.7894070625305176,0.09273770579028064,logistic,9.359554809691513e-05,512,True,"(100, 30, 30, 30)",constant,False,"{'mlpclassifier__activation': 'logistic', 'mlpclassifier__alpha': 9.359554809691513e-05, 'mlpclassifier__batch_size': 512, 'mlpclassifier__early_stopping': True, 'mlpclassifier__hidden_layer_sizes': (100, 30, 30, 30), 'mlpclassifier__learning_rate': 'constant', 'mlpclassifier__nesterovs_momentum': False}",0.11224886584575502,0.11243523316062176,0.11250810110174984,0.11250810110174984,0.11250810110174984,0.11244168046232525,0.0001004531214916635,100
67,231.19190678596496,65.79594518978573,0.8997358322143555,0.22185031486368742,relu,0.0008377999094435279,8,False,"(300,)",invscaling,True,"{'mlpclassifier__activation': 'relu', 'mlpclassifier__alpha': 0.0008377999094435279, 'mlpclassifier__batch_size': 8, 'mlpclassifier__early_stopping': False, 'mlpclassifier__hidden_layer_sizes': (300,), 'mlpclassifier__learning_rate': 'invscaling', 'mlpclassifier__nesterovs_momentum': True}",0.5440285725019087,0.5641846557631925,0.5360729686378332,0.5092669197258252,0.5485307427426203,0.540416771874276,0.01807194426181314,67
68,33.22570638656616,2.861209794272689,0.7233964920043945,0.03335679375174393,relu,0.00039664791405717205,16,True,"(100, 100)",constant,False,"{'mlpclassifier__activation': 'relu', 'mlpclassifier__alpha': 0.00039664791405717205, 'mlpclassifier__batch_size': 16, 'mlpclassifier__early_stopping': True, 'mlpclassifier__hidden_layer_sizes': (100, 100), 'mlpclassifier__learning_rate': 'constant', 'mlpclassifier__nesterovs_momentum': False}",0.5403739838818213,0.5409518230186545,0.524330662585115,0.5511936332842706,0.5014928113281472,0.5316685828196017,0.017364402727231616,81
69,36.28940272331238,2.8429831413446673,0.8286817073822021,0.09760650609180524,relu,0.0004987548255810924,16,True,"(100, 30, 30, 30)",invscaling,False,"{'mlpclassifier__activation': 'relu', 'mlpclassifier__alpha': 0.0004987548255810924, 'mlpclassifier__batch_size': 16, 'mlpclassifier__early_stopping': True, 'mlpclassifier__hidden_layer_sizes': (100, 30, 30, 30), 'mlpclassifier__learning_rate': 'invscaling', 'mlpclassifier__nesterovs_momentum': False}",0.5122837357190659,0.5820596831243571,0.5434494717833572,0.5501849350354334,0.5509507345119065,0.547785712034824,0.02222463513480627,58
70,71.2921633720398,4.55206477156641,0.8650954723358154,0.12988609834256895,logistic,1.9782524938981238e-05,64,False,"(100, 100)",invscaling,False,"{'mlpclassifier__activation': 'logistic', 'mlpclassifier__alpha': 1.9782524938981238e-05, 'mlpclassifier__batch_size': 64, 'mlpclassifier__early_stopping': False, 'mlpclassifier__hidden_layer_sizes': (100, 100), 'mlpclassifier__learning_rate': 'invscaling', 'mlpclassifier__nesterovs_momentum': False}",0.5523795686608587,0.5601948555757975,0.5751021595858854,0.567544858803801,0.5782942520552334,0.5667031389363151,0.009519751690874274,21
71,37.388655281066896,5.013332416214292,0.8232869625091552,0.20207278737206444,logistic,0.00019008376820188843,8,True,"(100,)",constant,False,"{'mlpclassifier__activation': 'logistic', 'mlpclassifier__alpha': 0.00019008376820188843, 'mlpclassifier__batch_size': 8, 'mlpclassifier__early_stopping': True, 'mlpclassifier__hidden_layer_sizes': (100,), 'mlpclassifier__learning_rate': 'constant', 'mlpclassifier__nesterovs_momentum': False}",0.5321591806214163,0.589584916206588,0.5466026593242508,0.44379446665935623,0.5271541768491073,0.5278590799321436,0.04742836196034057,82
72,45.158235263824466,4.611819260612383,0.8858775615692138,0.1431052059210566,relu,2.3971533848970518e-05,64,False,"(100, 100)",invscaling,True,"{'mlpclassifier__activation': 'relu', 'mlpclassifier__alpha': 2.3971533848970518e-05, 'mlpclassifier__batch_size': 64, 'mlpclassifier__early_stopping': False, 'mlpclassifier__hidden_layer_sizes': (100, 100), 'mlpclassifier__learning_rate': 'invscaling', 'mlpclassifier__nesterovs_momentum': True}",0.5522497139968606,0.5601796342854738,0.5645174371536031,0.5582481877275516,0.5646527142384083,0.5599695374803796,0.004587339016039917,37
73,42.36893754005432,5.252648421487899,0.9423435211181641,0.20272150894869462,relu,0.0005301307973946533,8,True,"(100, 100)",invscaling,True,"{'mlpclassifier__activation': 'relu', 'mlpclassifier__alpha': 0.0005301307973946533, 'mlpclassifier__batch_size': 8, 'mlpclassifier__early_stopping': True, 'mlpclassifier__hidden_layer_sizes': (100, 100), 'mlpclassifier__learning_rate': 'invscaling', 'mlpclassifier__nesterovs_momentum': True}",0.5275792127456221,0.578362632996827,0.5206410205431571,0.5524411723016535,0.5713150674526841,0.5500678212079888,0.022931850123806694,52
74,59.6435426235199,4.525731832255089,0.9712010860443115,0.09741370965513924,relu,0.00035326016333125595,128,False,"(300,)",constant,False,"{'mlpclassifier__activation': 'relu', 'mlpclassifier__alpha': 0.00035326016333125595, 'mlpclassifier__batch_size': 128, 'mlpclassifier__early_stopping': False, 'mlpclassifier__hidden_layer_sizes': (300,), 'mlpclassifier__learning_rate': 'constant', 'mlpclassifier__nesterovs_momentum': False}",0.5650500871190008,0.5813419354377533,0.6023993282852536,0.5850841815052474,0.5889818275350066,0.5845714719764523,0.012075271763306864,5
75,96.69620680809021,6.081040006661843,0.9893336772918702,0.19193585932342125,logistic,1.8406671834517414e-05,128,False,"(300,)",constant,True,"{'mlpclassifier__activation': 'logistic', 'mlpclassifier__alpha': 1.8406671834517414e-05, 'mlpclassifier__batch_size': 128, 'mlpclassifier__early_stopping': False, 'mlpclassifier__hidden_layer_sizes': (300,), 'mlpclassifier__learning_rate': 'constant', 'mlpclassifier__nesterovs_momentum': True}",0.5571213491535976,0.595215284106662,0.5999421670751934,0.5922233618823498,0.5971459870681529,0.5883296298571912,0.015805754288309434,2
76,64.43269319534302,6.351320255974243,0.32855887413024903,1.180238666606786,logistic,0.00034766542047955145,128,False,"(100, 100)",invscaling,False,"{'mlpclassifier__activation': 'logistic', 'mlpclassifier__alpha': 0.00034766542047955145, 'mlpclassifier__batch_size': 128, 'mlpclassifier__early_stopping': False, 'mlpclassifier__hidden_layer_sizes': (100, 100), 'mlpclassifier__learning_rate': 'invscaling', 'mlpclassifier__nesterovs_momentum': False}",0.5641107222719701,0.5553283740734974,0.5583466633936662,0.5835713082013301,0.5696836402151371,0.5662081416311201,0.00998128242167666,22
77,49.7307951927185,3.459418323959679,0.30347695350646975,1.2082929214068279,relu,0.00022084909030668326,32,False,"(100, 30, 30, 30)",invscaling,True,"{'mlpclassifier__activation': 'relu', 'mlpclassifier__alpha': 0.00022084909030668326, 'mlpclassifier__batch_size': 32, 'mlpclassifier__early_stopping': False, 'mlpclassifier__hidden_layer_sizes': (100, 30, 30, 30), 'mlpclassifier__learning_rate': 'invscaling', 'mlpclassifier__nesterovs_momentum': True}",0.5466117624362292,0.5702191219836651,0.5649433919567827,0.5613130006417849,0.5548928718488559,0.5595960297734636,0.008186614100313632,39
78,277.5411704540253,2.387270672636386,0.16216516494750977,0.0147733429612161,logistic,0.0005261412444320838,8,False,"(300,)",constant,True,"{'mlpclassifier__activation': 'logistic', 'mlpclassifier__alpha': 0.0005261412444320838, 'mlpclassifier__batch_size': 8, 'mlpclassifier__early_stopping': False, 'mlpclassifier__hidden_layer_sizes': (300,), 'mlpclassifier__learning_rate': 'constant', 'mlpclassifier__nesterovs_momentum': True}",0.5826300954501852,0.5393684093684094,0.5849788717465347,0.5470073700115358,0.568755047014682,0.5645479587182693,0.01845950934090547,25
79,37.59477858543396,5.1579384238325545,0.9493940830230713,0.10550160347131136,relu,1.2904721633073898e-05,256,True,"(300,)",invscaling,False,"{'mlpclassifier__activation': 'relu', 'mlpclassifier__alpha': 1.2904721633073898e-05, 'mlpclassifier__batch_size': 256, 'mlpclassifier__early_stopping': True, 'mlpclassifier__hidden_layer_sizes': (300,), 'mlpclassifier__learning_rate': 'invscaling', 'mlpclassifier__nesterovs_momentum': False}",0.5272531365513482,0.5504764906179149,0.5198157150076643,0.556082313056702,0.5285598620895657,0.5364375034646389,0.01418242140777723,72
80,52.40971822738648,2.8372380042897984,0.9340318202972412,0.10917277425879586,logistic,0.00023257480799679416,512,False,"(100, 100)",constant,False,"{'mlpclassifier__activation': 'logistic', 'mlpclassifier__alpha': 0.00023257480799679416, 'mlpclassifier__batch_size': 512, 'mlpclassifier__early_stopping': False, 'mlpclassifier__hidden_layer_sizes': (100, 100), 'mlpclassifier__learning_rate': 'constant', 'mlpclassifier__nesterovs_momentum': False}",0.5519967990284369,0.5868122727112688,0.6019158966587017,0.5935687729045933,0.5746659219602201,0.5817919326526442,0.017363189361486373,6
81,33.33833484649658,3.988459086330281,0.873532485961914,0.10766439642948218,logistic,2.303042346376469e-05,128,True,"(100, 100)",constant,False,"{'mlpclassifier__activation': 'logistic', 'mlpclassifier__alpha': 2.303042346376469e-05, 'mlpclassifier__batch_size': 128, 'mlpclassifier__early_stopping': True, 'mlpclassifier__hidden_layer_sizes': (100, 100), 'mlpclassifier__learning_rate': 'constant', 'mlpclassifier__nesterovs_momentum': False}",0.4832180691817819,0.45298985893413946,0.5072034514564387,0.41916527720317587,0.5376133315244096,0.4800379976599891,0.04123125927932927,97
82,34.41810526847839,3.4618999537499717,0.8890603065490723,0.1157104741164513,logistic,0.00036090324908886193,256,True,"(100, 30, 30, 30)",constant,False,"{'mlpclassifier__activation': 'logistic', 'mlpclassifier__alpha': 0.00036090324908886193, 'mlpclassifier__batch_size': 256, 'mlpclassifier__early_stopping': True, 'mlpclassifier__hidden_layer_sizes': (100, 30, 30, 30), 'mlpclassifier__learning_rate': 'constant', 'mlpclassifier__nesterovs_momentum': False}",0.43493080878892576,0.4559784427588275,0.39787813168843256,0.44059388185750803,0.11250810110174984,0.3683778732390887,0.1293506168933498,99
83,49.8681999206543,4.522271387238679,0.8302578449249267,0.08579804155456676,logistic,0.00014969223419542663,256,False,"(100,)",invscaling,True,"{'mlpclassifier__activation': 'logistic', 'mlpclassifier__alpha': 0.00014969223419542663, 'mlpclassifier__batch_size': 256, 'mlpclassifier__early_stopping': False, 'mlpclassifier__hidden_layer_sizes': (100,), 'mlpclassifier__learning_rate': 'invscaling', 'mlpclassifier__nesterovs_momentum': True}",0.5656248337657708,0.6036682781434989,0.5889595562196577,0.5926106228094513,0.5851290443987723,0.5871984670674302,0.012436653132377727,4
84,30.503826713562013,2.4170908252736725,0.8958532810211182,0.07820821265763155,relu,8.31211929407697e-05,512,True,"(100, 100)",invscaling,True,"{'mlpclassifier__activation': 'relu', 'mlpclassifier__alpha': 8.31211929407697e-05, 'mlpclassifier__batch_size': 512, 'mlpclassifier__early_stopping': True, 'mlpclassifier__hidden_layer_sizes': (100, 100), 'mlpclassifier__learning_rate': 'invscaling', 'mlpclassifier__nesterovs_momentum': True}",0.5119600295600002,0.5711956828059745,0.5118312396631328,0.5077509962527561,0.5239792413711246,0.5253434379305977,0.02356046908780094,84
85,84.00796604156494,5.259498106509139,0.36059069633483887,1.2526602638876339,logistic,0.00010906120646523001,64,False,"(100, 100)",constant,False,"{'mlpclassifier__activation': 'logistic', 'mlpclassifier__alpha': 0.00010906120646523001, 'mlpclassifier__batch_size': 64, 'mlpclassifier__early_stopping': False, 'mlpclassifier__hidden_layer_sizes': (100, 100), 'mlpclassifier__learning_rate': 'constant', 'mlpclassifier__nesterovs_momentum': False}",0.5472747864604293,0.5691030275060052,0.5848707182452513,0.5888394838744647,0.5731293689190854,0.5726434770010471,0.014616137659562111,14
86,35.7227240562439,4.667585557511292,0.9621975421905518,0.176369850333325,relu,0.0001954971762767411,64,True,"(100, 100)",invscaling,False,"{'mlpclassifier__activation': 'relu', 'mlpclassifier__alpha': 0.0001954971762767411, 'mlpclassifier__batch_size': 64, 'mlpclassifier__early_stopping': True, 'mlpclassifier__hidden_layer_sizes': (100, 100), 'mlpclassifier__learning_rate': 'invscaling', 'mlpclassifier__nesterovs_momentum': False}",0.49036109297777897,0.5505844459740716,0.5839020480008265,0.561068669514115,0.517484154170188,0.5406800821273959,0.03302114775604404,66
87,34.473753929138184,4.574065052421788,0.9246863842010498,0.06225884023024092,relu,0.0001181285816262999,64,True,"(100, 30, 30, 30)",constant,True,"{'mlpclassifier__activation': 'relu', 'mlpclassifier__alpha': 0.0001181285816262999, 'mlpclassifier__batch_size': 64, 'mlpclassifier__early_stopping': True, 'mlpclassifier__hidden_layer_sizes': (100, 30, 30, 30), 'mlpclassifier__learning_rate': 'constant', 'mlpclassifier__nesterovs_momentum': True}",0.5337191617462921,0.5401441774564223,0.5865661923868551,0.4956267281050691,0.5241900894804045,0.5360492698350086,0.02949162313211671,74
88,35.7555627822876,2.8520250597717602,0.8932454109191894,0.02807593110740286,logistic,6.1003022455181606e-05,128,True,"(100, 100)",constant,False,"{'mlpclassifier__activation': 'logistic', 'mlpclassifier__alpha': 6.1003022455181606e-05, 'mlpclassifier__batch_size': 128, 'mlpclassifier__early_stopping': True, 'mlpclassifier__hidden_layer_sizes': (100, 100), 'mlpclassifier__learning_rate': 'constant', 'mlpclassifier__nesterovs_momentum': False}",0.5218694490882123,0.5325310672721488,0.5347493025034364,0.48967886668775346,0.5348692879605988,0.52273959470243,0.01721048729895083,87
89,31.08854236602783,4.60539315241692,0.9196744918823242,0.17546449375985176,relu,1.5293973762923896e-05,256,True,"(100, 100)",invscaling,False,"{'mlpclassifier__activation': 'relu', 'mlpclassifier__alpha': 1.5293973762923896e-05, 'mlpclassifier__batch_size': 256, 'mlpclassifier__early_stopping': True, 'mlpclassifier__hidden_layer_sizes': (100, 100), 'mlpclassifier__learning_rate': 'invscaling', 'mlpclassifier__nesterovs_momentum': False}",0.5458846665555226,0.5652941708586837,0.5396743918792473,0.5445311747582713,0.5207163560291246,0.5432201520161699,0.014248326041998972,63
90,40.55364227294922,2.8461115323430093,0.4249094009399414,1.155870817332316,relu,0.0005678870062524347,512,False,"(100,)",invscaling,True,"{'mlpclassifier__activation': 'relu', 'mlpclassifier__alpha': 0.0005678870062524347, 'mlpclassifier__batch_size': 512, 'mlpclassifier__early_stopping': False, 'mlpclassifier__hidden_layer_sizes': (100,), 'mlpclassifier__learning_rate': 'invscaling', 'mlpclassifier__nesterovs_momentum': True}",0.5523493921780003,0.5684451535873223,0.5944761525669848,0.5669755680049798,0.5728374810982197,0.5710167494871013,0.013602008223883882,16
91,74.83049488067627,0.4090755506596369,1.0139995574951173,0.11639929813556053,relu,0.0001446752400148211,512,False,"(300,)",constant,False,"{'mlpclassifier__activation': 'relu', 'mlpclassifier__alpha': 0.0001446752400148211, 'mlpclassifier__batch_size': 512, 'mlpclassifier__early_stopping': False, 'mlpclassifier__hidden_layer_sizes': (300,), 'mlpclassifier__learning_rate': 'constant', 'mlpclassifier__nesterovs_momentum': False}",0.5890634472794353,0.6067528044822247,0.5784186169531756,0.5766737187861535,0.5866907546582245,0.5875198684318427,0.010709319633301129,3
92,49.23022904396057,4.798006221473431,1.1110321521759032,0.16733007071082126,relu,0.00034192197304367544,32,True,"(300,)",invscaling,True,"{'mlpclassifier__activation': 'relu', 'mlpclassifier__alpha': 0.00034192197304367544, 'mlpclassifier__batch_size': 32, 'mlpclassifier__early_stopping': True, 'mlpclassifier__hidden_layer_sizes': (300,), 'mlpclassifier__learning_rate': 'invscaling', 'mlpclassifier__nesterovs_momentum': True}",0.5649842890036773,0.5836601307189543,0.5806658244828575,0.548045088757498,0.564056243345787,0.5682823152617548,0.012869425056989249,20
93,34.7136399269104,4.113034160063828,1.0215739250183105,0.11284033112686037,relu,0.0001015909112509787,512,True,"(300,)",constant,False,"{'mlpclassifier__activation': 'relu', 'mlpclassifier__alpha': 0.0001015909112509787, 'mlpclassifier__batch_size': 512, 'mlpclassifier__early_stopping': True, 'mlpclassifier__hidden_layer_sizes': (300,), 'mlpclassifier__learning_rate': 'constant', 'mlpclassifier__nesterovs_momentum': False}",0.4917743292939777,0.5232674723068633,0.5125070390439909,0.5578812834554121,0.5312122693898542,0.5233284786980196,0.0217661300871482,86
94,41.266760444641115,3.5265690593716332,0.9293477058410644,0.16070042939503676,logistic,0.00017512856194508295,128,True,"(300,)",constant,True,"{'mlpclassifier__activation': 'logistic', 'mlpclassifier__alpha': 0.00017512856194508295, 'mlpclassifier__batch_size': 128, 'mlpclassifier__early_stopping': True, 'mlpclassifier__hidden_layer_sizes': (300,), 'mlpclassifier__learning_rate': 'constant', 'mlpclassifier__nesterovs_momentum': True}",0.5242278888027371,0.5639901416705433,0.5036383063513545,0.54341691650588,0.5248975303630425,0.5320341567387115,0.020341808018048968,80
95,50.41337275505066,2.1318254094505344,0.8821542263031006,0.07188793285703675,relu,1.47911565961226e-05,64,False,"(100,)",invscaling,False,"{'mlpclassifier__activation': 'relu', 'mlpclassifier__alpha': 1.47911565961226e-05, 'mlpclassifier__batch_size': 64, 'mlpclassifier__early_stopping': False, 'mlpclassifier__hidden_layer_sizes': (100,), 'mlpclassifier__learning_rate': 'invscaling', 'mlpclassifier__nesterovs_momentum': False}",0.5425793128152321,0.5503453147181039,0.5769533609567703,0.5639383069404373,0.5846305824054351,0.5636893755671958,0.015736760330013692,29
96,60.33113741874695,4.481050656368998,0.5200914859771728,0.05256608579319415,relu,0.0007472964988946057,256,False,"(300,)",constant,True,"{'mlpclassifier__activation': 'relu', 'mlpclassifier__alpha': 0.0007472964988946057, 'mlpclassifier__batch_size': 256, 'mlpclassifier__early_stopping': False, 'mlpclassifier__hidden_layer_sizes': (300,), 'mlpclassifier__learning_rate': 'constant', 'mlpclassifier__nesterovs_momentum': True}",0.5604808439869624,0.5956945747856388,0.587623784396006,0.5796575026622738,0.5843798888233825,0.5815673189308528,0.011768241202971586,7
97,58.9068489074707,2.785052535395297,0.21740097999572755,0.07611256237495123,logistic,4.111233201104889e-05,8,True,"(300,)",constant,True,"{'mlpclassifier__activation': 'logistic', 'mlpclassifier__alpha': 4.111233201104889e-05, 'mlpclassifier__batch_size': 8, 'mlpclassifier__early_stopping': True, 'mlpclassifier__hidden_layer_sizes': (300,), 'mlpclassifier__learning_rate': 'constant', 'mlpclassifier__nesterovs_momentum': True}",0.5205471786027364,0.5559394753924629,0.5429039515019348,0.5027352125558671,0.5584673385960288,0.5361186313298061,0.021425657211545806,73
98,33.609287643432616,4.313698916946729,0.5950709819793701,0.05839557993639048,relu,0.0001157972789112307,8,True,"(100,)",invscaling,True,"{'mlpclassifier__activation': 'relu', 'mlpclassifier__alpha': 0.0001157972789112307, 'mlpclassifier__batch_size': 8, 'mlpclassifier__early_stopping': True, 'mlpclassifier__hidden_layer_sizes': (100,), 'mlpclassifier__learning_rate': 'invscaling', 'mlpclassifier__nesterovs_momentum': True}",0.5599337240575702,0.5911478451197084,0.51228594360148,0.5847933250007523,0.534723420003017,0.5565768515565056,0.02980553156952196,44
99,41.981912517547606,1.361864349544196,-0.33260440826416016,1.1990324319714296,relu,0.00016533133140715818,128,False,"(300,)",invscaling,False,"{'mlpclassifier__activation': 'relu', 'mlpclassifier__alpha': 0.00016533133140715818, 'mlpclassifier__batch_size': 128, 'mlpclassifier__early_stopping': False, 'mlpclassifier__hidden_layer_sizes': (300,), 'mlpclassifier__learning_rate': 'invscaling', 'mlpclassifier__nesterovs_momentum': False}",0.5543995148222114,0.5742250328942544,0.5868244632619254,0.5800474127380058,0.5994610593236719,0.5789914966080139,0.014892669792437823,10
